{
	"display": {
		"icon": { "item": "minecraft:command_block", "nbt": "{CustomModelData:2013009}" },
		"title": { "text": "Feeling the sun", "color": "aqua" },
		"description": { "text": "Collect a Solarium Fragment", "color": "green" },
		"frame": "task",
		"show_toast": true,
		"announce_to_chat": true,
		"hidden": false
	},
	"parent": "stardust:hidden/after_original_stardust_armor",
	"criteria": { "requirement": {
		"trigger": "minecraft:inventory_changed",
		"conditions": { "items": [{
			"tag": "stardust:items",
			"nbt": "{stardust:{solarium_fragment:1b}}"
		}]}
	}}
}
