{
	"display": {
		"icon": { "item": "minecraft:command_block", "nbt": "{CustomModelData:2013002}" },
		"title": { "text": "Feeling the power", "color": "aqua" },
		"description": { "text": "Obtain a Stardust Essence", "color": "green" },
		"frame": "task",
		"show_toast": true,
		"announce_to_chat": true,
		"hidden": false
	},
	"parent": "stardust:visible/stuff/stardust_ingot",
	"criteria": { "requirement": {
		"trigger": "minecraft:inventory_changed",
		"conditions": { "items": [{
			"tag": "stardust:items",
			"nbt": "{stardust:{stardust_essence:1b}}"
		}]}
	}}
}
