{
  "type": "minecraft:entity",
  "pools": [
    {
      "rolls": 1,
      "entries": [
        {
          "type": "minecraft:item",
		  "name": "minecraft:potion",
          "functions": [
            {
			  "function": "minecraft:set_name",
			  "name": {"translate":"mech.item.filled_vial","italic":false,"with":[{"translate":"mech.liquid.lava"}]}
			},
			{
			  "function": "minecraft:set_lore",
			  "lore": [
				{"translate":"mech.lore.liquid_amount","color":"gray","italic":false,"with":[{"text":"1000"}]},
				{"translate":"mech.lore.added_by","color":"blue","italic":false}
			  ]
			},
			{
              "function": "minecraft:set_nbt",
              "tag":"{CustomModelData: 6421108, HideFlags: 38, CustomPotionColor:14912575, mechanization:{ id:\"vial\", liquid:{id:\"lava\", molten:1b, amount:1000, temperature:1000, color:14912575, name:'{\"translate\":\"mech.liquid.lava\"}'} }}"
            }
          ]
        }
      ]
    }
  ]
}