{
  "type": "minecraft:entity",
  "pools": [
    {
      "rolls": 1,
      "entries": [
        {
          "type": "minecraft:item",
		  "name": "minecraft:structure_block",
          "functions": [
            {
			  "function": "minecraft:set_name",
			  "name": {"translate":"mech.gear.ender_alloy","color":"dark_purple","italic":false}
			},
			{
			  "function": "minecraft:set_lore",
			  "lore": [
				[{"translate":"mech.lore.upgrade_drill","color":"gray","italic":false}],
			    [{"translate":"item.durability","color":"gray","italic":false,"with":[{"text":"9000"},{"text":"9000"}]}],
				[{"translate":"mech.lore.upgrade_effects","color":"gray","italic":false},{"text":" "},{"translate":"enchantment.minecraft.fortune"},{"text":" "},{"translate":"enchantment.level.4"}],
				[{"translate":"mech.lore.added_by","color":"blue","italic":false}]
			  ]
			},
			{
              "function": "minecraft:set_nbt",
              "tag":"{CustomModelData: 6421395, HideFlags: 32, mechanization:{ id:\"ender_alloy_gear\", upgrade:{type:2b, effect:\"fortune_4\", max_durability:9000, stats:{}} }, smithed:{dict:{gear:{ender_alloy:1b}}} }"
            }
          ]
        }
      ]
    }
  ]
}