{
  "type": "minecraft:entity",
  "pools": [
    {
      "rolls": 1,
      "entries": [
        {
          "type": "minecraft:item",
		  "name": "minecraft:structure_block",
          "functions": [
            {
			  "function": "minecraft:set_name",
			  "name": {"translate":"mech.gear.lapis","color":"blue","italic":false}
			},
			{
			  "function": "minecraft:set_lore",
			  "lore": [
				[{"translate":"mech.lore.upgrade_drill","color":"gray","italic":false}],
			    [{"translate":"item.durability","color":"gray","italic":false,"with":[{"text":"3000"},{"text":"3000"}]}],
				[{"translate":"mech.lore.upgrade_effects","color":"gray","italic":false},{"text":" "},{"translate":"mech.lore.upgrade_aquatic"}],
				[{"translate":"mech.lore.added_by","color":"blue","italic":false}]
			  ]
			},
			{
              "function": "minecraft:set_nbt",
              "tag":"{CustomModelData: 6421531, HideFlags: 32, mechanization:{ id:\"lapis_lazuli_gear\", upgrade:{type:2b, effect:\"aquatic\", max_durability:3000, stats:{}} }, smithed:{dict:{gear:{lapis:1b}}} }"
            }
          ]
        }
      ]
    }
  ]
}