{
  "type": "minecraft:entity",
  "pools": [
    {
      "rolls": 1,
      "entries": [
        {
          "type": "minecraft:item",
		  "name": "minecraft:structure_block",
          "functions": [
            {
			  "function": "minecraft:set_name",
			  "name": {"translate":"mech.rod.tin","color":"gray","italic":false}
			},
			{
			  "function": "minecraft:set_lore",
			  "lore": [
				[{"translate":"mech.lore.upgrade_energy_saber","color":"gray","italic":false}],
			    [{"translate":"item.durability","color":"gray","italic":false,"with":[{"text":"1000"},{"text":"1000"}]}],
				[{"translate":"mech.lore.upgrade_effects","color":"gray","italic":false},{"text":" "},{"translate":"enchantment.minecraft.unbreaking"},{"text":" "},{"translate":"enchantment.level.1"}],
				[{"translate":"mech.lore.upgrade_stats","color":"gray","italic":false}],
				[{"text":"  2 ","color":"dark_green","italic":false},{"translate":"attribute.name.generic.attack_damage"}],
				[{"text":"  0.2 ","color":"dark_green","italic":false},{"translate":"attribute.name.generic.attack_speed"}],
				[{"text":"  0 ","color":"dark_green","italic":false},{"translate":"mech.lore.energy_saber_range"}],
				[{"translate":"mech.lore.added_by","color":"blue","italic":false}]
			  ]
			},
			{
              "function": "minecraft:set_nbt",
              "tag":"{CustomModelData: 6421317, HideFlags: 32, mechanization:{ id:\"tin_rod\", upgrade:{type:1b, effect:\"none\", max_durability:750, stats:{attack_damage:2, attack_speed:0.2, energy_saber_range:0, unbreaking:1}, bonus_stats:{energy_saber_range:1}} }, smithed:{dict:{rod:{tin:1b}}} }"
            }
          ]
        }
      ]
    }
  ]
}