{
  "type": "minecraft:entity",
  "pools": [
    {
      "rolls": 1,
      "entries": [
        {
          "type": "minecraft:item",
		  "name": "minecraft:carrot_on_a_stick",
          "functions": [
            {
			  "function": "minecraft:set_name",
			  "name": {"translate":"mech.item.multimeter","color":"gray","italic":false}
			},
			{
			  "function": "minecraft:set_lore",
			  "lore": [
			    {"translate":"mech.item.multimeter.lore_1","color":"white","italic":false,"with":[{"text":"\uee08","font":"mechanization:gui"}]},
			    {"translate":"mech.item.multimeter.lore_2","color":"white","italic":false,"with":[{"text":"\uee08","font":"mechanization:gui"}]},
				{"text":""},
				{"translate":"mech.lore.added_by","color":"blue","italic":false}
			  ]
			},
			{
              "function": "minecraft:set_nbt",
              "tag":"{CustomModelData: 6421101, HideFlags: 6, Unbreakable:1b, mechanization:{ id:\"multimeter\" }, player_action:{click_detection:1b} }"
            }
          ]
        }
      ]
    }
  ]
}