{
  "type": "minecraft:entity",
  "pools": [
    {
      "rolls": 1,
      "entries": [
        {
          "type": "minecraft:item",
		  "name": "minecraft:structure_block",
          "functions": [
            {
			  "function": "minecraft:set_name",
			  "name": {"translate":"mech.raw.plutonium","color":"blue","italic":false}
			},
			{
			  "function": "minecraft:set_lore",
			  "lore": [
				{"translate":"mech.lore.added_by","color":"blue","italic":false}
			  ]
			},
			{
              "function": "minecraft:set_nbt",
              "tag":"{CustomModelData: 6421442, nbt_smelting:1b, HideFlags: 32, mechanization:{ id:\"raw_plutonium\" }, smithed:{dict:{raw:{plutonium:1b}}} }"
            }
          ]
        }
      ]
    }
  ]
}