{
  "type": "minecraft:entity",
  "pools": [
    {
      "rolls": 1,
      "entries": [
        {
          "type": "minecraft:item",
		  "name": "minecraft:structure_block",
          "functions": [
            {
			  "function": "minecraft:set_name",
			  "name": {"translate":"mech.rod.structural","color":"blue","italic":false}
			},
			{
			  "function": "minecraft:set_lore",
			  "lore": [
				[{"translate":"mech.lore.upgrade_energy_saber","color":"gray","italic":false}],
			    [{"translate":"item.durability","color":"gray","italic":false,"with":[{"text":"3000"},{"text":"3000"}]}],
				[{"translate":"mech.lore.upgrade_effects","color":"gray","italic":false},{"text":" "},{"translate":"enchantment.minecraft.unbreaking"},{"text":" "},{"translate":"enchantment.level.2"}],
				[{"translate":"mech.lore.upgrade_stats","color":"gray","italic":false}],
				[{"text":"  2.5 ","color":"dark_green","italic":false},{"translate":"attribute.name.generic.attack_damage"}],
				[{"text":"  0.3 ","color":"dark_green","italic":false},{"translate":"attribute.name.generic.attack_speed"}],
				[{"text":"  1 ","color":"dark_green","italic":false},{"translate":"mech.lore.energy_saber_range"}],
				[{"translate":"mech.lore.added_by","color":"blue","italic":false}]
			  ]
			},
			{
              "function": "minecraft:set_nbt",
              "tag":"{CustomModelData: 6421346, HideFlags: 32, mechaniation:{ id:\"structural_rod\", upgrade:{type:1b, effect:\"none\", max_durability:3000, stats:{attack_damage:2.5, attack_speed:0.3, energy_saber_range:1, unbreaking:2}} }, smithed:{dict:{rod:{structural_alloy:1b}}} }"
            }
          ]
        }
      ]
    }
  ]
}