{
  "type": "minecraft:entity",
  "pools": [
    {
      "rolls": 1,
      "entries": [
        {
          "type": "minecraft:item",
		  "name": "minecraft:structure_block",
          "functions": [
            {
			  "function": "minecraft:set_name",
			  "name": {"translate":"mech.plate.super_conductive","color":"dark_green","italic":false}
			},
			{
			  "function": "minecraft:set_lore",
			  "lore": [
				[{"translate":"mech.lore.upgrade_modular_armor","color":"gray","italic":false}],
			    [{"translate":"item.durability","color":"gray","italic":false,"with":[{"text":"4500"},{"text":"4500"}]}],
				[{"translate":"mech.lore.upgrade_effects","color":"gray","italic":false},{"text":" +3 "},{"translate":"mech.lore.shield_capacity"}],
				[{"translate":"mech.lore.upgrade_stats","color":"gray","italic":false}],
				[{"text":"  1 ","color":"dark_green","italic":false},{"translate":"attribute.name.generic.armor"}],
				[{"text":"  0.5 ","color":"dark_green","italic":false},{"translate":"attribute.name.generic.armor_toughness"}],
				[{"translate":"mech.lore.added_by","color":"blue","italic":false}]
			  ]
			},
			{
              "function": "minecraft:set_nbt",
              "tag":"{CustomModelData: 6421384, HideFlags: 32, mechaniation:{ id:\"super_conductive_plate\", upgrade:{type:3b, effect:\"none\", max_durability:4500, stats:{armor:1, armor_toughness:0.5, shield:3}} }, smithed:{dict:{plate:{super_conductive_alloy:1b}}} }"
            }
          ]
        }
      ]
    }
  ]
}