{
  "type": "minecraft:entity",
  "pools": [
    {
      "rolls": 1,
      "entries": [
        {
          "type": "minecraft:item",
		  "name": "minecraft:structure_block",
          "functions": [
            {
			  "function": "minecraft:set_name",
			  "name": {"translate":"mech.nugget.titanium_steel","color":"light_purple","italic":false}
			},
			{
			  "function": "minecraft:set_lore",
			  "lore": [
				{"translate":"mech.lore.added_by","color":"blue","italic":false}
			  ]
			},
			{
              "function": "minecraft:set_nbt",
              "tag":"{CustomModelData: 6421361, HideFlags: 32, mechanization:{ id:\"titanium_steel_nugget\" }, smithed:{dict:{nugget:{titanium_steel:1b}}}  }"
            }
          ]
        }
      ]
    }
  ]
}