{
  "type": "minecraft:entity",
  "pools": [
    {
      "rolls": 1,
      "entries": [
        {
          "type": "minecraft:item",
		  "name": "minecraft:structure_block",
          "functions": [
            {
			  "function": "minecraft:set_name",
			  "name": {"translate":"mech.gear.titanium_steel","color":"light_purple","italic":false}
			},
			{
			  "function": "minecraft:set_lore",
			  "lore": [
				[{"translate":"mech.lore.upgrade_drill","color":"gray","italic":false}],
			    [{"translate":"item.durability","color":"gray","italic":false,"with":[{"text":"9000"},{"text":"9000"}]}],
				[{"translate":"mech.lore.upgrade_effects","color":"gray","italic":false},{"text":" +3 "},{"translate":"mech.lore.mining_area"}],
				[{"translate":"mech.lore.added_by","color":"blue","italic":false}]
			  ]
			},
			{
              "function": "minecraft:set_nbt",
              "tag":"{CustomModelData: 6421365, HideFlags: 32, mechaniation:{ id:\"titanium_steel_gear\", upgrade:{type:2b, effect:\"none\", max_durability:9000, stats:{mining_area:3}} }, smithed:{dict:{gear:{titanium_steel:1b}}} }"
            }
          ]
        }
      ]
    }
  ]
}