{
  "type": "minecraft:entity",
  "pools": [
    {
      "rolls": 1,
      "entries": [
        {
          "type": "minecraft:item",
		  "name": "minecraft:blast_furnace",
          "functions": [
            {
			  "function": "minecraft:set_name",
			  "name": {"translate":"mech.block.copper_cable","color":"dark_aqua","italic":false}
			},
			{
			  "function": "minecraft:set_lore",
			  "lore": [
				{"translate":"mech.lore.transfer","color":"white","italic":false,"with":[256]},
			    {"translate":"mech.lore.added_by","color":"blue","italic":false}
			  ]
			},
			{
              "function": "minecraft:set_nbt",
              "tag":"{CustomModelData: 6421013, HideFlags: 6, mechanization:{id:\"copper_cable\"}, BlockEntityTag:{Items:[{id:\"minecraft:stone\", Count:1b, Slot:0b, tag:{smithed:{block:{id:\"mechanization:copper_cable\"}}}}]} }"
            }
          ]
        }
      ]
    }
  ]
}