{
  "type": "minecraft:entity",
  "pools": [
    {
      "rolls": 1,
      "entries": [
        {
          "type": "minecraft:item",
		  "name": "minecraft:structure_block",
          "functions": [
            {
			  "function": "minecraft:set_name",
			  "name": {"translate":"mech.nugget.conductive","color":"gold","italic":false}
			},
			{
			  "function": "minecraft:set_lore",
			  "lore": [
				{"translate":"mech.lore.added_by","color":"blue","italic":false}
			  ]
			},
			{
              "function": "minecraft:set_nbt",
              "tag":"{CustomModelData: 6421351, HideFlags: 32, mechanization:{ id:\"conductive_nugget\" }, smithed:{ dict:{nugget:{conductive_alloy:1b}} }}"
            }
          ]
        }
      ]
    }
  ]
}