{
  "type": "minecraft:entity",
  "pools": [
    {
      "rolls": 1,
      "entries": [
        {
          "type": "minecraft:item",
		  "name": "minecraft:structure_block",
          "functions": [
            {
			  "function": "minecraft:set_name",
			  "name": {"translate":"mech.gear.gold","color":"white","italic":false}
			},
			{
			  "function": "minecraft:set_lore",
			  "lore": [
				[{"translate":"mech.lore.upgrade_drill","color":"gray","italic":false}],
			    [{"translate":"item.durability","color":"gray","italic":false,"with":[{"text":"250"},{"text":"250"}]}],
				[{"translate":"mech.lore.upgrade_effects","color":"gray","italic":false},{"text":" +16 "},{"translate":"mech.lore.mining_speed"}],
				[{"translate":"mech.lore.added_by","color":"blue","italic":false}]
			  ]
			},
			{
              "function": "minecraft:set_nbt",
              "tag":"{CustomModelData: 6421461, HideFlags: 32, mechanization:{ id:\"gold_gear\", upgrade:{type:2b, effect:\"none\", max_durability:250, stats:{mining_speed:16}} }, smithed:{dict:{gear:{gold:1b}}} }"
            }
          ]
        }
      ]
    }
  ]
}