{
  "type": "minecraft:entity",
  "pools": [
    {
      "rolls": 1,
      "entries": [
        {
          "type": "minecraft:item",
		  "name": "minecraft:structure_block",
          "functions": [
            {
			  "function": "minecraft:set_name",
			  "name": {"translate":"mech.rod.iron","color":"white","italic":false}
			},
			{
			  "function": "minecraft:set_lore",
			  "lore": [
				[{"translate":"mech.lore.upgrade_energy_saber","color":"gray","italic":false}],
			    [{"translate":"item.durability","color":"gray","italic":false,"with":[{"text":"1000"},{"text":"1000"}]}],
				[{"translate":"mech.lore.upgrade_stats","color":"gray","italic":false}],
				[{"text":"  3 ","color":"dark_green","italic":false},{"translate":"attribute.name.generic.attack_damage"}],
				[{"text":"  0.2 ","color":"dark_green","italic":false},{"translate":"attribute.name.generic.attack_speed"}],
				[{"text":"  0 ","color":"dark_green","italic":false},{"translate":"mech.lore.energy_saber_range"}],
				[{"translate":"mech.lore.added_by","color":"blue","italic":false}]
			  ]
			},
			{
              "function": "minecraft:set_nbt",
              "tag":"{CustomModelData: 6421452, HideFlags: 32, mechanization:{ id:\"iron_rod\", upgrade:{type:1b, effect:\"none\", max_durability:1000, stats:{attack_damage:3, attack_speed:0.2, energy_saber_range:0}} }, smithed:{dict:{rod:{iron:1b}}} }"
            }
          ]
        }
      ]
    }
  ]
}
