{
  "type": "minecraft:entity",
  "pools": [
    {
      "rolls": 1,
      "entries": [
        {
          "type": "minecraft:item",
		  "name": "minecraft:potion",
          "functions": [
            {
			  "function": "minecraft:set_name",
			  "name": {"translate":"mech.item.vial","italic":false}
			},
			{
			  "function": "minecraft:set_lore",
			  "lore": [
				{"translate":"mech.lore.added_by","color":"blue","italic":false}
			  ]
			},
			{
              "function": "minecraft:set_nbt",
              "tag":"{CustomModelData: 6421108, CustomPotionColor:16777215, HideFlags: 38, mechanization:{ id:\"vial\" } }"
            }
          ]
        }
      ]
    }
  ]
}