{
	"display": {
		"icon": { "item": "minecraft:barrel", "nbt": "{CustomModelData:2013306}" },
		"title": { "text": "Return to monke", "color": "aqua" },
		"description": { "text": "Travel to the Cavern Dimension", "color": "green" },
		"frame": "task",
		"show_toast": true,
		"announce_to_chat": true,
		"hidden": false
	},
	"parent": "stardust:visible/stardust_fragment",
	"criteria": { "requirement": {
		"trigger": "minecraft:changed_dimension",
		"conditions": {
			"to": "stardust:cavern"
		}
	}}
}
