{
	"pools": [
		{
			"rolls": 1,
			"entries": [
				{
					"type": "minecraft:item",
					"name": "minecraft:item_frame",
					"functions": [
						{
							"function": "minecraft:set_name",
							"name": {"text":"Netherite Wart","color":"white","italic":false}
						},
						{
							"function": "minecraft:set_lore",
							"lore": [{"text":"Ore Plants","color":"blue"}]
						},
						{
							"function": "minecraft:set_nbt",
							"tag": "{CustomModelData:19,EntityTag:{Invisible:1b,Invulnerable:1b,Fixed:1b,Silent:1b,Facing:1b,Tags:[\"ore_plants.to_place\",\"ore_plants.netherite_wheat\"]}}"
						},
						{
							"function": "minecraft:set_nbt",
							"tag": "{ctc:{id:\"netherite_wart\",from:\"ore_plants\",traits:{seed:1b}}}"
						}
					]
				}
			]
		}
	]
}
