{
  "pools": [
    {
      "rolls": 1,
      "entries": [
        {
          "type": "minecraft:item",
          "name": "minecraft:enchanted_book",
          "functions": [
            {
              "function": "minecraft:set_nbt",
              "tag": "{StoredCustomEnchantments:[{id:\"MiningPlus\",lvl:1}]}"
            },
            {
              "function": "minecraft:set_lore",
              "lore": [
                {
                  "translate": "Mining+",
                  "color": "gray",
                  "italic": false
                },
                {
                  "translate": "► Pickaxe",
                  "color": "yellow"
                }
              ],
              "replace": false
            }
          ]
        }
      ]
    }
  ]
}
