{
  "pools": [
    {
      "rolls": 1,
      "entries": [
        {
          "type": "minecraft:item",
          "name": "minecraft:enchanted_book",
          "functions": [
            {
              "function": "minecraft:set_nbt",
              "tag": "{StoredCustomEnchantments:[{\"id\":\"Splatter\",lvl:1}]}"
            },
            {
              "function": "minecraft:set_lore",
              "lore": [
                [
                  {
                    "text": "<≈≈| ",
                    "color": "dark_aqua",
                    "bold": true,
                    "italic": false
                  },
                  {
                    "translate": "Splatter I",
                    "color": "aqua",
                    "bold": false,
                    "italic": false
                  },
                  {
                    "text": " |≈≈>",
                    "color": "dark_aqua",
                    "bold": true,
                    "italic": false
                  }
                ],
                {
                  "translate": "► Fishing Rod",
                  "color": "green"
                }
              ],
              "replace": false
            }
          ]
        },
        {
          "type": "minecraft:item",
          "name": "minecraft:enchanted_book",
          "functions": [
            {
              "function": "minecraft:set_nbt",
              "tag": "{StoredCustomEnchantments:[{\"id\":\"Splatter\",lvl:2}]}"
            },
            {
              "function": "minecraft:set_lore",
              "lore": [
                [
                  {
                    "text": "<≈≈| ",
                    "color": "dark_aqua",
                    "bold": true,
                    "italic": false
                  },
                  {
                    "translate": "Splatter II",
                    "color": "aqua",
                    "bold": false,
                    "italic": false
                  },
                  {
                    "text": " |≈≈>",
                    "color": "dark_aqua",
                    "bold": true,
                    "italic": false
                  }
                ],
                {
                  "translate": "► Fishing Rod",
                  "color": "green"
                }
              ],
              "replace": false
            }
          ]
        },
        {
          "type": "minecraft:item",
          "name": "minecraft:enchanted_book",
          "functions": [
            {
              "function": "minecraft:set_nbt",
              "tag": "{StoredCustomEnchantments:[{\"id\":\"Splatter\",lvl:3}]}"
            },
            {
              "function": "minecraft:set_lore",
              "lore": [
                [
                  {
                    "text": "<≈≈| ",
                    "color": "dark_aqua",
                    "bold": true,
                    "italic": false
                  },
                  {
                    "translate": "Splatter III",
                    "color": "aqua",
                    "bold": false,
                    "italic": false
                  },
                  {
                    "text": " |≈≈>",
                    "color": "dark_aqua",
                    "bold": true,
                    "italic": false
                  }
                ],
                {
                  "translate": "► Fishing Rod",
                  "color": "green"
                }
              ],
              "replace": false
            }
          ]
        }
      ]
    }
  ]
}
