{
    "pools": [
        {
            "rolls": {
                "min": 0,
                "max": 2
            },
            "bonus_rolls": {
                "min": 0,
                "max": 1
            },
            "entries": [
                {
                    "type": "item",
                    "weight": 1,
                    "name": "minecraft:phantom_membrane"
                }
            ]
        },
        {
            "rolls": {
                "min": 0,
                "max": 1
            },
            "entries": [
                {
                    "type": "item",
                    "weight": 1,
                    "name": "minecraft:string"
                }
            ]
        }
    ]
}