{
	"display": {
		"icon": { "item": "minecraft:barrel", "nbt": "{CustomModelData:2013329}" },
		"title": { "text": "Burning Industry III" },
		"description": { "text": "Upgrade a Stardust Furnace Generator", "color": "green" },
		"frame": "task",
		"show_toast": true,
		"announce_to_chat": true,
		"hidden": false
	},
	"parent": "stardust:visible/technology/furnace_generator/stardust",
	"criteria": { "requirement": {
		"trigger": "minecraft:inventory_changed",
		"conditions": { "items": [{
			"tag": "stardust:items",
			"nbt": "{stardust:{awakened_furnace_generator:1b}}"
		}]}
	}}
}
