{
  "display": {
    "icon": {
      "item": "minecraft:crossbow"
    },
    "title": {
      "translate":"Technical Crossbow",
      "color":"#FFE2A8"
    },
    "description": {
      "translate": "Get every custom enchantment book for the crossbow",
      "color": "green"
    },
    "frame": "goal",
    "show_toast": true,
    "announce_to_chat": false,
    "hidden": false
  },
  "parent": "enchadv:weapons/start",
  "criteria": {
    "got_accuracy_shot": {
      "trigger": "minecraft:inventory_changed",
      "conditions": {
        "items": [
          {
            "items": [
              "minecraft:enchanted_book"
            ],
            "nbt": "{StoredCustomEnchantments:[{id:\"AccuracyShot\"}]}"
          }
        ]
      }
    },
    "got_fireball_wave": {
      "trigger": "minecraft:inventory_changed",
      "conditions": {
        "items": [
          {
            "items": [
              "minecraft:enchanted_book"
            ],
            "nbt": "{StoredCustomEnchantments:[{id:\"FireballWave\"}]}"
          }
        ]
      }
    },
    "got_shock_fangs": {
      "trigger": "minecraft:inventory_changed",
      "conditions": {
        "items": [
          {
            "items": [
              "minecraft:enchanted_book"
            ],
            "nbt": "{StoredCustomEnchantments:[{id:\"ShockFangs\"}]}"
          }
        ]
      }
    },
    "got_sniper": {
      "trigger": "minecraft:inventory_changed",
      "conditions": {
        "items": [
          {
            "items": [
              "minecraft:enchanted_book"
            ],
            "nbt": "{StoredCustomEnchantments:[{id:\"Sniper\"}]}"
          }
        ]
      }
    }
  },
  "requirements": [
    [
      "got_accuracy_shot"
    ],
    [
      "got_fireball_wave"
    ],
    [
      "got_shock_fangs"
    ],
    [
      "got_sniper"
    ]
  ]
}
