{
    "display": {
        "title": {
            "translate": "mech.advancements.growth_accelerator.title",
			"color":"green"
        },
        "description": {
            "translate": "mech.advancements.growth_accelerator.desc",
			"color":"dark_aqua"
        },
        "icon": {
            "item": "minecraft:blast_furnace",
            "nbt": "{CustomModelData:6422004}"
        },
        "frame": "task"
    },
    "criteria": {
        "have_battery_1": {
            "trigger": "minecraft:inventory_changed",
            "conditions": {
                "items": [{
                        "nbt": "{mech_itemid:2004}"
                    }
                ]
            }
        }
    },
    "parent": "mechanization:machines/steam_generator"
}
