
{
  "type": "minecraft:entity",
  "pools": [
    {
      "rolls": 1,
      "entries": [
        {
          "type": "minecraft:item",
          "name": "minecraft:written_book",
          "functions": [
            {
              "function": "minecraft:set_name",
              "name": {"translate":"mech.item.mechanical_manual","color":"gray","italic":false}
            },
            {
              "function": "minecraft:set_lore",
              "lore": [
                {"translate":"mech.lore.added_by","color":"blue","italic":false}
              ]
            },
            {
              "function": "minecraft:set_nbt",
              "tag":"{CustomModelData: 6421105, mechanization:{id:\"mechanical_manual\", manual_version:8}, HideFlags: 32, author:\"ImCoolYeah105\", title:\"Mechanical Manual\" }"
            },
            {
              "function": "minecraft:set_nbt",
              "tag":"{pages:['[{\"text\":\"\uee01\",\"font\":\"mechanization:manual\",\"color\":\"white\"},{\"translate\":\"offset.31\",\"font\":\"space:default\",\"with\":[ {\"text\":\"\uee00\",\"font\":\"mechanization:manual\",\"color\":\"white\"}]},{\"text\":\"\n\n\n  \"},{\"text\":\"   \",\"clickEvent\":{\"action\":\"open_url\",\"value\":\"https://discord.gg/C8yUMWs\"},\"hoverEvent\":{\"action\":\"show_text\",\"contents\":[ {\"text\":\"Discord\",\"color\":\"white\"}]}},{\"text\":\"                   \"},{\"text\":\"   \",\"clickEvent\":{\"action\":\"open_url\",\"value\":\"https://github.com/ICY105/Mechanization\"},\"hoverEvent\":{\"action\":\"show_text\",\"contents\":[ {\"text\":\"Github\",\"color\":\"white\"}]}},{\"text\":\"\n\n      \"},{\"translate\":\"mech.text.version\",\"color\":\"dark_purple\",\"with\":[ {\"score\":{\"name\":\"$mech.ver.major\",\"objective\":\"load.status\"},\"color\":\"dark_purple\"},{\"score\":{\"name\":\"$mech.ver.minor\",\"objective\":\"load.status\"},\"color\":\"dark_purple\"},{\"score\":{\"name\":\"$mech.ver.fix\",\"objective\":\"load.status\"},\"color\":\"dark_purple\"}]},{\"text\":\"\n\n\"},{\"translate\":\"mech.manual.title_page\",\"color\":\"black\"}]','[{\"text\":\"\",\"bold\":false,\"font\":\"mechanization:manual\",\"color\":\"white\"},{\"text\":\"\uee03\",\"hoverEvent\":{\"action\":\"show_text\",\"contents\":[ {\"translate\":\"mech.manual.recipe\"},{\"text\":\"\uee21\",\"font\":\"mechanization:manual\"},{\"translate\":\"offset.-2\",\"font\":\"space:default\",\"with\":[ {\"text\":\"\uee22\",\"font\":\"mechanization:manual\"}]},{\"text\":\"\n\n\n\n\n\n\"}]},\"clickEvent\":{\"action\":\"run_command\",\"value\":\"/trigger mechanization.manual set 1\"}},{\"translate\":\"offset.-105\",\"font\":\"space:default\",\"with\":[ {\"text\":\"\uee20\",\"font\":\"mechanization:manual\"}]},{\"translate\":\"offset.47\",\"font\":\"space:default\",\"with\":[ {\"text\":\"\uee04\",\"font\":\"mechanization:manual\"}]},{\"text\":\"\n\"},{\"translate\":\"mech.manual.mechanical_manual.body\",\"color\":\"black\"},{\"text\":\"           \"},{\"text\":\"\uee0e\",\"clickEvent\":{\"action\":\"change_page\",\"value\":2}}]','[{\"text\":\"\uee05\",\"font\":\"mechanization:manual\",\"color\":\"white\"},{\"text\":\"      \"},{\"translate\":\"mech.manual.apps_page\",\"color\":\"dark_aqua\"},{\"text\":\"\n\"},{\"text\":\" \uee06\"},{\"translate\":\"offset.-1\",\"font\":\"space:default\",\"with\":[ {\"text\":\"\uee08\",\"font\":\"mechanization:manual\",\"hoverEvent\":{\"action\":\"show_text\",\"contents\":[ {\"translate\":\"mech.manual.app_base\"},{\"text\":\"\n\"},{\"translate\":\"mech.manual.app_base_desc\",\"color\":\"gray\"}]},\"clickEvent\":{\"action\":\"run_command\",\"value\":\"/trigger mechanization.manual set -1\"}}]},{\"translate\":\"offset.-2\",\"font\":\"space:default\",\"with\":[ {\"text\":\"\uee09\",\"font\":\"mechanization:manual\",\"hoverEvent\":{\"action\":\"show_text\",\"contents\":[ {\"translate\":\"mech.manual.app_machines\"},{\"text\":\"\n\"},{\"translate\":\"mech.manual.app_machines_desc\",\"color\":\"gray\"}]},\"clickEvent\":{\"action\":\"run_command\",\"value\":\"/trigger mechanization.manual set -2\"}}]},{\"translate\":\"offset.-3\",\"font\":\"space:default\",\"with\":[ {\"text\":\"\uee0a\",\"font\":\"mechanization:manual\",\"hoverEvent\":{\"action\":\"show_text\",\"contents\":[ {\"translate\":\"mech.manual.app_nuclear\"},{\"text\":\"\n\"},{\"translate\":\"mech.manual.app_nuclear_desc\",\"color\":\"gray\"}]},\"clickEvent\":{\"action\":\"run_command\",\"value\":\"/trigger mechanization.manual set -3\"}}]},{\"translate\":\"offset.-4\",\"font\":\"space:default\",\"with\":[ {\"text\":\"\uee07\",\"font\":\"mechanization:manual\"}]},{\"text\":\"\n  \"},{\"text\":\"        \",\"hoverEvent\":{\"action\":\"show_text\",\"contents\":[ {\"translate\":\"mech.manual.app_base\"},{\"text\":\"\n\"},{\"translate\":\"mech.manual.app_base_desc\",\"color\":\"gray\"}]},\"clickEvent\":{\"action\":\"run_command\",\"value\":\"/trigger mechanization.manual set -1\"}},{\"text\":\"        \",\"hoverEvent\":{\"action\":\"show_text\",\"contents\":[ {\"translate\":\"mech.manual.app_machines\"},{\"text\":\"\n\"},{\"translate\":\"mech.manual.app_machines_desc\",\"color\":\"gray\"}]},\"clickEvent\":{\"action\":\"run_command\",\"value\":\"/trigger mechanization.manual set -2\"}},{\"text\":\"        \",\"hoverEvent\":{\"action\":\"show_text\",\"contents\":[ {\"translate\":\"mech.manual.app_nuclear\"},{\"text\":\"\n\"},{\"translate\":\"mech.manual.app_nuclear_desc\",\"color\":\"gray\"}]},\"clickEvent\":{\"action\":\"run_command\",\"value\":\"/trigger mechanization.manual set -3\"}},{\"text\":\"\n  \"},{\"text\":\"        \",\"hoverEvent\":{\"action\":\"show_text\",\"contents\":[ {\"translate\":\"mech.manual.app_base\"},{\"text\":\"\n\"},{\"translate\":\"mech.manual.app_base_desc\",\"color\":\"gray\"}]},\"clickEvent\":{\"action\":\"run_command\",\"value\":\"/trigger mechanization.manual set -1\"}},{\"text\":\"        \",\"hoverEvent\":{\"action\":\"show_text\",\"contents\":[ {\"translate\":\"mech.manual.app_machines\"},{\"text\":\"\n\"},{\"translate\":\"mech.manual.app_machines_desc\",\"color\":\"gray\"}]},\"clickEvent\":{\"action\":\"run_command\",\"value\":\"/trigger mechanization.manual set -2\"}},{\"text\":\"        \",\"hoverEvent\":{\"action\":\"show_text\",\"contents\":[ {\"translate\":\"mech.manual.app_nuclear\"},{\"text\":\"\n\"},{\"translate\":\"mech.manual.app_nuclear_desc\",\"color\":\"gray\"}]},\"clickEvent\":{\"action\":\"run_command\",\"value\":\"/trigger mechanization.manual set -3\"}},{\"text\":\"\n\"},{\"text\":\" \uee06\"},{\"translate\":\"offset.-1\",\"font\":\"space:default\",\"with\":[ {\"text\":\"\uee0b\",\"font\":\"mechanization:manual\",\"hoverEvent\":{\"action\":\"show_text\",\"contents\":[ {\"translate\":\"mech.manual.app_gadgets\"},{\"text\":\"\n\"},{\"translate\":\"mech.manual.app_gadgets_desc\",\"color\":\"gray\"}]},\"clickEvent\":{\"action\":\"run_command\",\"value\":\"/trigger mechanization.manual set -4\"}}]},{\"translate\":\"offset.-2\",\"font\":\"space:default\",\"with\":[ {\"text\":\"\uee0c\",\"font\":\"mechanization:manual\",\"hoverEvent\":{\"action\":\"show_text\",\"contents\":[ {\"translate\":\"mech.manual.app_assembly\"},{\"text\":\"\n\"},{\"translate\":\"mech.manual.app_assembly_desc\",\"color\":\"gray\"}]},\"clickEvent\":{\"action\":\"run_command\",\"value\":\"/trigger mechanization.manual set -5\"}}]},{\"translate\":\"offset.-3\",\"font\":\"space:default\",\"with\":[ {\"text\":\"\uee0d\",\"font\":\"mechanization:manual\",\"hoverEvent\":{\"action\":\"show_text\",\"contents\":[ {\"translate\":\"mech.manual.app_tcc\"},{\"text\":\"\n\"},{\"translate\":\"mech.manual.app_tcc_desc\",\"color\":\"gray\"}]},\"clickEvent\":{\"action\":\"run_command\",\"value\":\"/trigger mechanization.manual set -6\"}}]},{\"translate\":\"offset.-4\",\"font\":\"space:default\",\"with\":[ {\"text\":\"\uee07\",\"font\":\"mechanization:manual\"}]},{\"text\":\"\n  \"},{\"text\":\"        \",\"hoverEvent\":{\"action\":\"show_text\",\"contents\":[ {\"translate\":\"mech.manual.app_gadgets\"},{\"text\":\"\n\"},{\"translate\":\"mech.manual.app_gadgets_desc\",\"color\":\"gray\"}]},\"clickEvent\":{\"action\":\"run_command\",\"value\":\"/trigger mechanization.manual set -4\"}},{\"text\":\"        \",\"hoverEvent\":{\"action\":\"show_text\",\"contents\":[ {\"translate\":\"mech.manual.app_assembly\"},{\"text\":\"\n\"},{\"translate\":\"mech.manual.app_assembly_desc\",\"color\":\"gray\"}]},\"clickEvent\":{\"action\":\"run_command\",\"value\":\"/trigger mechanization.manual set -5\"}},{\"text\":\"        \",\"hoverEvent\":{\"action\":\"show_text\",\"contents\":[ {\"translate\":\"mech.manual.app_tcc\"},{\"text\":\"\n\"},{\"translate\":\"mech.manual.app_tcc_desc\",\"color\":\"gray\"}]},\"clickEvent\":{\"action\":\"run_command\",\"value\":\"/trigger mechanization.manual set -6\"}},{\"text\":\"\n  \"},{\"text\":\"        \",\"hoverEvent\":{\"action\":\"show_text\",\"contents\":[ {\"translate\":\"mech.manual.app_gadgets\"},{\"text\":\"\n\"},{\"translate\":\"mech.manual.app_gadgets_desc\",\"color\":\"gray\"}]},\"clickEvent\":{\"action\":\"run_command\",\"value\":\"/trigger mechanization.manual set -4\"}},{\"text\":\"        \",\"hoverEvent\":{\"action\":\"show_text\",\"contents\":[ {\"translate\":\"mech.manual.app_assembly\"},{\"text\":\"\n\"},{\"translate\":\"mech.manual.app_assembly_desc\",\"color\":\"gray\"}]},\"clickEvent\":{\"action\":\"run_command\",\"value\":\"/trigger mechanization.manual set -5\"}},{\"text\":\"        \",\"hoverEvent\":{\"action\":\"show_text\",\"contents\":[ {\"translate\":\"mech.manual.app_tcc\"},{\"text\":\"\n\"},{\"translate\":\"mech.manual.app_tcc_desc\",\"color\":\"gray\"}]},\"clickEvent\":{\"action\":\"run_command\",\"value\":\"/trigger mechanization.manual set -6\"}},{\"text\":\"\n\"},{\"text\":\" \uee06\"},{\"translate\":\"offset.-1\",\"font\":\"space:default\",\"with\":[ {\"text\":\"\uf002\",\"font\":\"mechanization:manual\",\"hoverEvent\":{\"action\":\"show_text\",\"contents\":[ {\"translate\":\"mech.manual.app_simplenergy\"},{\"text\":\"\n\"},{\"translate\":\"mech.manual.app_simplenergy_desc\",\"color\":\"gray\"}]},\"clickEvent\":{\"action\":\"run_command\",\"value\":\"/trigger mechanization.manual set -7\"}}]},{\"translate\":\"offset.-1\",\"font\":\"space:default\",\"with\":[ {\"text\":\"\uf003\",\"font\":\"mechanization:manual\",\"hoverEvent\":{\"action\":\"show_text\",\"contents\":[ {\"translate\":\"mech.manual.app_stardust_fragment\"},{\"text\":\"\n\"},{\"translate\":\"mech.manual.app_stardust_fragment_desc\",\"color\":\"gray\"}]},\"clickEvent\":{\"action\":\"run_command\",\"value\":\"/trigger mechanization.manual set -8\"}}]},{\"translate\":\"offset.-2\",\"font\":\"space:default\",\"with\":[ {\"text\":\"\uee07\",\"font\":\"mechanization:manual\"}]},{\"text\":\"\n  \"},{\"text\":\"        \",\"hoverEvent\":{\"action\":\"show_text\",\"contents\":[ {\"translate\":\"mech.manual.app_simplenergy\"},{\"text\":\"\n\"},{\"translate\":\"mech.manual.app_simplenergy_desc\",\"color\":\"gray\"}]},\"clickEvent\":{\"action\":\"run_command\",\"value\":\"/trigger mechanization.manual set -7\"}},{\"text\":\"        \",\"hoverEvent\":{\"action\":\"show_text\",\"contents\":[ {\"translate\":\"mech.manual.app_stardust_fragment\"},{\"text\":\"\n\"},{\"translate\":\"mech.manual.app_stardust_fragment_desc\",\"color\":\"gray\"}]},\"clickEvent\":{\"action\":\"run_command\",\"value\":\"/trigger mechanization.manual set -8\"}},{\"text\":\"\n  \"},{\"text\":\"        \",\"hoverEvent\":{\"action\":\"show_text\",\"contents\":[ {\"translate\":\"mech.manual.app_simplenergy\"},{\"text\":\"\n\"},{\"translate\":\"mech.manual.app_simplenergy_desc\",\"color\":\"gray\"}]},\"clickEvent\":{\"action\":\"run_command\",\"value\":\"/trigger mechanization.manual set -7\"}},{\"text\":\"        \",\"hoverEvent\":{\"action\":\"show_text\",\"contents\":[ {\"translate\":\"mech.manual.app_stardust_fragment\"},{\"text\":\"\n\"},{\"translate\":\"mech.manual.app_stardust_fragment_desc\",\"color\":\"gray\"}]},\"clickEvent\":{\"action\":\"run_command\",\"value\":\"/trigger mechanization.manual set -8\"}},{\"text\":\"\n\"}]']}"
            }
          ]
        }
      ]
    }
  ]
}
