{
	"condition": "minecraft:location_check",
	"predicate": {
	  "block": {
		"nbt": "{Items:[
		  {Slot:2b, id:\"minecraft:red_dye\"},
		  {Slot:3b, id:\"minecraft:yellow_dye\"},
		  {Slot:4b, id:\"minecraft:blue_dye\"},
		  
		  {Slot:11b, tag:{ctc:{traits:{ rod:1b, \"metal/conductive_alloy\":1b }}}},
		  {Slot:12b, tag:{ctc:{traits:{ \"machine_frame/tier2\":1b }}}},
		  {Slot:13b, tag:{ctc:{traits:{ rod:1b, \"metal/conductive_alloy\":1b }}}},
		  
		  {Slot:20b, id:\"minecraft:white_dye\"},
		  {Slot:21b, id:\"minecraft:green_dye\"},
		  {Slot:22b, id:\"minecraft:black_dye\"}
		]}"
	  }
	}
  }