{
  "function": "minecraft:copy_nbt",
  "source": {
    "type": "minecraft:storage",
    "source": "mechanization:temp"
  },
  "ops": [
    {
      "source": "object.tag.mechanization",
      "target": "mechanization",
      "op": "replace"
    },
    {
      "source": "object.tag.CustomModelData",
      "target": "CustomModelData",
      "op": "replace"
    },
    {
      "source": "object.tag.display",
      "target": "display",
      "op": "replace"
    },
    {
      "source": "object.tag.smithed",
      "target": "smithed",
      "op": "replace"
    }
  ]
}