[
  {
    "function": "minecraft:copy_nbt",
    "source": {
      "type": "minecraft:storage",
      "source": "mechanization:temp"
    },
    "ops": [
      {
        "source": "obj",
        "target": "pos",
        "op": "replace"
      }
    ]
  },
  {
    "function": "minecraft:copy_nbt",
    "source": {
      "type": "minecraft:storage",
      "source": "mechanization:temp"
    },
    "ops": [
      {
        "source": "var",
        "target": "display.Lore[2]",
        "op": "replace"
      }
    ]
  }
]
