{
  "type": "minecraft:entity",
  "pools": [
    {
      "rolls": 1,
      "entries": [
        {
          "type": "minecraft:item",
		  "name": "minecraft:blast_furnace",
          "functions": [
            {
			  "function": "minecraft:set_name",
			  "name": {"translate":"mech.block.battery.quantum","color":"dark_purple","italic":false}
			},
			{
			  "function": "minecraft:set_lore",
			  "lore": [
			    {"translate":"mech.lore.storage","color":"white","italic":false,"with":[200000]},
				{"translate":"mech.lore.transfer","color":"white","italic":false,"with":[200]},
				{"translate":"mech.lore.range","color":"white","italic":false,"with":[16]},
				{"translate":"mech.lore.added_by","color":"blue","italic":false}
			  ]
			},
			{
              "function": "minecraft:set_nbt",
              "tag":"{mech_itemid: 1003, CustomModelData: 6421003, HideFlags: 6,BlockEntityTag: {Lock: \"§mechanization\"}}"
            }
          ]
        }
      ]
    }
  ]
}