{
	"display": {
		"icon": { "item": "minecraft:barrel", "nbt": "{CustomModelData:2013300}" },
		"title": { "text": "Mining industry I", "color": "aqua" },
		"description": { "text": "Get a level 1 Quarry", "color": "green" },
		"frame": "task",
		"show_toast": true,
		"announce_to_chat": true,
		"hidden": false
	},
	"parent": "stardust:visible/technology/quarry/configurator",
	"criteria": { "requirement": {
		"trigger": "minecraft:inventory_changed",
		"conditions": { "items": [{
			"tag": "stardust:items",
			"nbt": "{stardust:{quarry_lv1:1b}}"
		}]}
	}}
}
