{
	"pools": [
	  {
		"rolls": 1,
		"bonus_rolls": 0,
		"entries": [
		  {
			"type": "minecraft:item",
			"name": "minecraft:furnace",
			"functions": [
			  {
				"function": "minecraft:copy_nbt",
				"source": {
				  "type": "minecraft:storage",
				  "source": "simpledrawer:main"
				},
				"ops": [
				  {
					"source": "ItemsNBT.drawer.tag",
					"target": "{}",
					"op": "merge"
				  },
				  {
					"source": "drawer_type.wood.id",
					"target": "BlockEntityTag.Items[0].tag.simpledrawer.type",
					"op": "replace"
				  },
				  {
					"source": "drawer_type.wood.model",
					"target": "CustomModelData",
					"op": "replace"
				  }
				]
			  },
			  {
				"function": "minecraft:set_lore",
				"entity": "this",
				"lore": [
				  [
					{
					  "text": "0",
					  "color": "white",
					  "italic": false
					},
					{
					  "text": " / ",
					  "color": "gray",
					  "italic": false
					},
					{
					  "nbt": "drawer_type.wood.maxCount",
					  "storage": "simpledrawer:main",
					  "color": "white",
					  "italic": false
					}
				  ],
				  {
					"translate": "simpledrawer.name",
					"color": "blue",
					"italic": true
				  }
				]
			  }
			]
		  }
		]
	  }
	]
  }
  