{
  "display": {
    "icon": {
      "item": "minecraft:iron_shovel"
    },
    "title": {
      "translate":"Technical Shovel",
      "color":"#FFE2A8"
    },
    "description": {
      "translate": "Get every custom enchantment book for the shovel",
      "color": "green"
    },
    "frame": "goal",
    "show_toast": true,
    "announce_to_chat": false,
    "hidden": false
  },
  "parent": "enchadv:tools/start",
  "criteria": {
    "got_auto_smelt": {
      "trigger": "minecraft:inventory_changed",
      "conditions": {
        "items": [
          {
            "items": [
              "minecraft:enchanted_book"
            ],
            "nbt": "{StoredCustomEnchantments:[{id:\"AutoSmelt\"}]}"
          }
        ]
      }
    },
    "got_big_path": {
      "trigger": "minecraft:inventory_changed",
      "conditions": {
        "items": [
          {
            "items": [
              "minecraft:enchanted_book"
            ],
            "nbt": "{StoredCustomEnchantments:[{id:\"BigPath\"}]}"
          }
        ]
      }
    },
    "got_excavator": {
      "trigger": "minecraft:inventory_changed",
      "conditions": {
        "items": [
          {
            "items": [
              "minecraft:enchanted_book"
            ],
            "nbt": "{StoredCustomEnchantments:[{id:\"Excavator\"}]}"
          }
        ]
      }
    },
    "got_haste": {
      "trigger": "minecraft:inventory_changed",
      "conditions": {
        "items": [
          {
            "items": [
              "minecraft:enchanted_book"
            ],
            "nbt": "{StoredCustomEnchantments:[{id:\"Haste\"}]}"
          }
        ]
      }
    }
  },
  "requirements": [
    [
      "got_auto_smelt"
    ],
    [
      "got_big_path"
    ],
    [
      "got_excavator"
    ],
    [
      "got_haste"
    ]
  ]
}
