{
  "display": {
    "icon": {
      "item": "minecraft:cake"
    },
    "title": {
      "translate":"One Year Birthday!"
    },
    "description": {
      "translate": "Get this free potion from the Guide Book",
      "color": "white"
    },
    "frame": "task",
    "show_toast": true,
    "announce_to_chat": false,
    "hidden": false
  },
  "parent": "enchadv:start/guide_book",
  "criteria": {
    "requirement": {
      "trigger": "minecraft:inventory_changed",
      "conditions": {
        "items": [
          {
            "items": [
              "minecraft:potion"
            ],
            "nbt": "{OneBirthday:1b}"
          }
        ]
      }
    }
  }
}
