{
  "display": {
    "icon": {
      "item": "minecraft:bookshelf"
    },
    "title": {
      "translate":"Charging the power"
    },
    "description": {
      "translate": "Get a charged bookshelf",
      "color": "green"
    },
    "frame": "goal",
    "show_toast": true,
    "announce_to_chat": false,
    "hidden": false
  },
  "parent": "enchadv:start/guide_book",
  "criteria": {
    "requirement": {
      "trigger": "minecraft:inventory_changed",
      "conditions": {
        "items": [
          {
            "items": [
              "minecraft:bookshelf"
            ],
            "nbt": "{TeplusChBf:1b}"
          }
        ]
      }
    }
  }
}
