{
  "display": {
    "icon": {
      "item": "minecraft:enchanted_book"
    },
    "title": {
      "translate":"All that power at once",
      "color":"red"
    },
    "description": {
      "translate": "Why did you made this?",
      "color": "light_purple"
    },
    "frame": "challenge",
    "show_toast": true,
    "announce_to_chat": false,
    "hidden": true
  },
  "parent": "enchadv:start/extracting_mode",
  "criteria": {
    "requirement": {
      "trigger": "minecraft:inventory_changed",
      "conditions": {
        "player": [
          {
            "condition": "minecraft:entity_properties",
            "entity": "this",
            "predicate": {
              "player": {
                "gamemode": "survival"
              }
            }
          }
        ],
        "items": [
          {
            "items": [
              "minecraft:enchanted_book"
            ],
            "nbt": "{StoredCustomEnchantments:[{id: \"Timber\", lvl: 1}, {id: \"TimeBreaker\", lvl: 2}, {id: \"Transmission\", lvl: 5}, {id: \"TurtleStiffness\", lvl: 1}, {id: \"SoulReaper\", lvl: 3}, {id: \"Splatter\", lvl: 3}, {id: \"Striker\", lvl: 3}, {id: \"SwimPlus\", lvl: 1}, {id: \"GrandTilling\", lvl: 1}, {id: \"HardnessPlus\", lvl: 3}, {id: \"HarvestingPlus\", lvl: 1}, {id: \"Haste\", lvl: 2}, {id: \"LifeSteal\", lvl: 1}, {id: \"Magnet\", lvl: 1}, {id: \"MarineGrace\", lvl: 2}, {id: \"MiningPlus\", lvl: 1}, {id: \"AntiVenom\", lvl: 2}, {id: \"Arachnid\", lvl: 1}, {id: \"Armored\", lvl: 2}, {id: \"AttackSpeed\", lvl: 3}, {id: \"AutoFeed\", lvl: 1}, {id: \"Excavator\", lvl: 1}, {id: \"Explosive\", lvl: 1}, {id: \"FireballWave\", lvl: 1}, {id: \"Replant\", lvl: 1}, {id: \"Scyther\", lvl: 2}, {id: \"ShockFangs\", lvl: 1}, {id: \"SkyWalk\", lvl: 1}, {id: \"Sniper\", lvl: 1}, {id: \"VeinMiner\", lvl: 1}, {id: \"Waterjet\", lvl: 1}, {id: \"XpBoost\", lvl: 3}, {id: \"AccuracyShot\", lvl: 1}, {id: \"Agility\", lvl: 3}, {id: \"AntiExplosion\", lvl: 1}, {id: \"AntiKnockback\", lvl: 2}, {id: \"AutoSmelt\", lvl: 1}, {id: \"BigPath\", lvl: 1}, {id: \"Dasher\", lvl: 2}, {id: \"BloodyBlade\", lvl: 1}, {id: \"BrightVision\", lvl: 1}, {id: \"Chopping\", lvl: 1}, {id: \"FlamingSkin\", lvl: 1}, {id: \"LastLife\", lvl: 1}, {id: \"LastStand\", lvl: 1}, {id: \"LavaWalker\", lvl: 1}, {id: \"Leaping\", lvl: 3}, {id: \"LifePlus\", lvl: 5}, {id: \"Multicolor\", lvl: 1}, {id: \"Peaks\", lvl: 1}, {id: \"PoisonAspect\", lvl: 3}, {id: \"Recovery\", lvl: 2}],MaxEnch:1b,StoredEnchantments:[{id:\"minecraft:protection\",lvl:5s},{id:\"minecraft:feather_falling\",lvl:5s},{id:\"minecraft:respiration\",lvl:4s},{id:\"minecraft:sharpness\",lvl:7s},{id:\"minecraft:looting\",lvl:4s},{id:\"minecraft:efficiency\",lvl:6s},{id:\"minecraft:unbreaking\",lvl:5s},{id:\"minecraft:fortune\",lvl:4s},{id:\"minecraft:power\",lvl:6s},{id:\"minecraft:luck_of_the_sea\",lvl:5s},{id:\"minecraft:lure\",lvl:5s},{id:\"minecraft:impaling\",lvl:6s}],StoredCustomCurse:[{lvl: 1, id: \"Fragile\"}, {lvl: 1, id: \"Sensitive\"}, {lvl: 1, id: \"Slippery\"}]}"
          }
        ]
      }
    }
  },
  "rewards": {
    "function": "enchadv:reward",
    "experience": 55000
  }
}
