{
  "display": {
    "icon": {
      "item": "minecraft:player_head",
      "nbt": "{SkullOwner:{Id:[I;-16677274,-2092873373,-2138865010,388938733],Properties:{textures:[{Value:\"eyJ0ZXh0dXJlcyI6eyJTS0lOIjp7InVybCI6Imh0dHA6Ly90ZXh0dXJlcy5taW5lY3JhZnQubmV0L3RleHR1cmUvZjMzM2UzMWI3YTI0ZTM3OTZjMjRmY2YwMDBlNjgyYmZjM2I3MGNkMDFlNTlhYmUxMDkyZThiZWUxMTMzYjBiNiJ9fX0=\"}]}}}"
    },
    "title": {
      "translate":"Easy combining"
    },
    "description": {
      "translate": "Obtain a Technical Anvil",
      "color": "green"
    },
    "frame": "task",
    "show_toast": true,
    "announce_to_chat": false,
    "hidden": false
  },
  "parent": "enchadv:start/guide_book",
  "criteria": {
    "requirement": {
      "trigger": "minecraft:inventory_changed",
      "conditions": {
        "items": [
          {
            "items": [
              "minecraft:player_head"
            ],
            "nbt": "{Teplus.anvil:1b}"
          }
        ]
      }
    }
  }
}
