{
  "pools": [
    {
      "rolls": 1,
      "entries": [
        {
          "type": "minecraft:loot_table",
          "weight": 1,
          "name": "enchantplus:loot_chest/set_enchanted_book/turtle_stiffness"
        },
        {
          "type": "minecraft:loot_table",
          "weight": 2,
          "name": "enchantplus:loot_chest/set_enchanted_book/mining_plus"
        },
        {
          "type": "minecraft:loot_table",
          "weight": 1,
          "name": "enchantplus:loot_chest/set_enchanted_book/striker"
        },
        {
          "type": "minecraft:loot_table",
          "weight": 2,
          "name": "enchantplus:loot_chest/set_enchanted_book/magnet"
        },
        {
          "type": "minecraft:loot_table",
          "weight": 1,
          "name": "enchantplus:loot_chest/set_enchanted_book/anti_knockback"
        },
        {
          "type": "minecraft:loot_table",
          "weight": 1,
          "name": "enchantplus:loot_chest/set_enchanted_book/hardness_plus"
        },
        {
          "type": "minecraft:loot_table",
          "weight": 1,
          "name": "enchantplus:loot_chest/set_enchanted_book/transmission"
        },
        {
          "type": "minecraft:loot_table",
          "weight": 2,
          "name": "enchantplus:loot_chest/set_enchanted_book/bright_vision"
        },
        {
          "type": "minecraft:loot_table",
          "weight": 2,
          "name": "enchantplus:loot_chest/set_enchanted_book/poison_aspect"
        },
        {
          "type": "minecraft:loot_table",
          "weight": 4,
          "name": "enchantplus:loot_chest/rarity/strong"
        },
        {
          "type": "minecraft:loot_table",
          "weight": 3,
          "name": "enchantplus:loot_chest/set_enchanted_book/armored"
        },
        {
          "type": "minecraft:loot_table",
          "weight": 3,
          "name": "enchantplus:loot_chest/set_enchanted_book/splatter"
        },
        {
          "type": "minecraft:loot_table",
          "weight": 3,
          "name": "enchantplus:loot_chest/set_enchanted_book/multicolor"
        }
      ]
    }
  ]
}
