{
  "pools": [
    {
      "rolls": 1,
      "entries": [
        {
          "type": "minecraft:loot_table",
          "weight": 1,
          "name": "enchantplus:loot_chest/set_enchanted_book/peaks"
        },
        {
          "type": "minecraft:loot_table",
          "weight": 4,
          "name": "enchantplus:loot_chest/set_enchanted_book/lava_walker"
        },
        {
          "type": "minecraft:loot_table",
          "weight": 2,
          "name": "enchantplus:loot_chest/set_enchanted_book/life_steal"
        },
        {
          "type": "minecraft:loot_table",
          "weight": 4,
          "name": "enchantplus:loot_chest/set_enchanted_book/explosive"
        },
        {
          "type": "minecraft:loot_table",
          "weight": 4,
          "name": "enchantplus:loot_chest/set_enchanted_book/fireball_wave"
        },
        {
          "type": "minecraft:loot_table",
          "weight": 2,
          "name": "enchantplus:loot_chest/set_enchanted_book/soul_reaper"
        },
        {
          "type": "minecraft:loot_table",
          "weight": 1,
          "name": "enchantplus:loot_chest/set_enchanted_book/time_breaker"
        },
        {
          "type": "minecraft:loot_table",
          "weight": 1,
          "name": "enchantplus:loot_chest/set_enchanted_book/xp_boost"
        },
        {
          "type": "minecraft:loot_table",
          "weight": 1,
          "name": "enchantplus:loot_chest/set_enchanted_book/attack_speed"
        },
        {
          "type": "minecraft:loot_table",
          "weight": 1,
          "name": "enchantplus:loot_chest/set_enchanted_book/life_plus"
        }
      ]
    }
  ]
}
