{
  "pools": [
    {
      "rolls": 1,
      "entries": [
        {
          "type": "minecraft:loot_table",
          "weight": 1,
          "name": "enchantplus:loot_chest/rarity/average"
        },
        {
          "type": "minecraft:loot_table",
          "weight": 2,
          "name": "enchantplus:loot_chest/rarity/strong"
        },
        {
          "type": "minecraft:loot_table",
          "weight": 2,
          "name": "enchantplus:loot_chest/set_enchanted_book/last_life"
        },
        {
          "type": "minecraft:loot_table",
          "weight": 2,
          "name": "enchantplus:loot_chest/set_enchanted_book/last_stand"
        },
        {
          "type": "minecraft:loot_table",
          "weight": 3,
          "name": "enchantplus:loot_chest/set_enchanted_book/striker"
        }
      ]
    }
  ]
}
