{
	"display": {
		"icon": { "item": "minecraft:command_block", "nbt": "{CustomModelData:2013003}" },
		"title": { "text": "The maximum upgrade", "color": "aqua" },
		"description": { "text": "Craft your first Stardust Config", "color": "green" },
		"frame": "goal",
		"show_toast": true,
		"announce_to_chat": true,
		"hidden": false
	},
	"parent": "stardust:visible/stuff/stardust_essence",
	"criteria": { "requirement": {
		"trigger": "minecraft:inventory_changed",
		"conditions": { "items": [{
			"tag": "stardust:items",
			"nbt": "{stardust:{stardust_config:1b}}"
		}]}
	}}
}
