{
  "display": {
    "icon": {
      "item": "minecraft:diamond_pickaxe"
    },
    "title": {
      "translate":"Technical Pickaxe",
      "color":"#FFE2A8"
    },
    "description": {
      "translate": "Get every custom enchantment book for the pickaxe",
      "color": "green"
    },
    "frame": "goal",
    "show_toast": true,
    "announce_to_chat": false,
    "hidden": false
  },
  "parent": "enchadv:tools/start",
  "criteria": {
    "got_auto_smelt": {
      "trigger": "minecraft:inventory_changed",
      "conditions": {
        "items": [
          {
            "items": [
              "minecraft:enchanted_book"
            ],
            "nbt": "{StoredCustomEnchantments:[{id:\"AutoSmelt\"}]}"
          }
        ]
      }
    },
    "got_haste": {
      "trigger": "minecraft:inventory_changed",
      "conditions": {
        "items": [
          {
            "items": [
              "minecraft:enchanted_book"
            ],
            "nbt": "{StoredCustomEnchantments:[{id:\"Haste\"}]}"
          }
        ]
      }
    },
    "got_mining_plus": {
      "trigger": "minecraft:inventory_changed",
      "conditions": {
        "items": [
          {
            "items": [
              "minecraft:enchanted_book"
            ],
            "nbt": "{StoredCustomEnchantments:[{id:\"MiningPlus\"}]}"
          }
        ]
      }
    },
    "got_vein_miner": {
      "trigger": "minecraft:inventory_changed",
      "conditions": {
        "items": [
          {
            "items": [
              "minecraft:enchanted_book"
            ],
            "nbt": "{StoredCustomEnchantments:[{id:\"VeinMiner\"}]}"
          }
        ]
      }
    }
  },
  "requirements": [
    [
      "got_auto_smelt"
    ],
    [
      "got_haste"
    ],
    [
      "got_mining_plus"
    ],
    [
      "got_vein_miner"
    ]
  ]
}
