[
	{
		"condition": "minecraft:location_check",
		"offsetX": 48,
		"offsetZ": 48,
		"predicate": {
			"block": {}
		}
	},
	{
		"condition": "minecraft:location_check",
		"offsetX": 48,
		"offsetZ": -48,
		"predicate": {
			"block": {}
		}
	},
	{
		"condition": "minecraft:location_check",
		"offsetX": -48,
		"offsetZ": 48,
		"predicate": {
			"block": {}
		}
	},
	{
		"condition": "minecraft:location_check",
		"offsetX": -48,
		"offsetZ": -48,
		"predicate": {
			"block": {}
		}
	}
]
