[
	{
		"condition": "minecraft:location_check",
		"offsetX": 32,
		"offsetZ": 32,
		"predicate": {
			"block": {}
		}
	},
	{
		"condition": "minecraft:location_check",
		"offsetX": 32,
		"offsetZ": -32,
		"predicate": {
			"block": {}
		}
	},
	{
		"condition": "minecraft:location_check",
		"offsetX": -32,
		"offsetZ": 32,
		"predicate": {
			"block": {}
		}
	},
	{
		"condition": "minecraft:location_check",
		"offsetX": -32,
		"offsetZ": -32,
		"predicate": {
			"block": {}
		}
	}
]
