{
  "type": "minecraft:entity",
  "pools": [
    {
      "rolls": 1,
      "entries": [
        {
          "type": "minecraft:item",
		  "name": "minecraft:structure_block",
          "functions": [
            {
			  "function": "minecraft:set_name",
			  "name": {"translate":"mech.gear.reinforced_structural","color":"dark_aqua","italic":false}
			},
			{
			  "function": "minecraft:set_lore",
			  "lore": [
				[{"translate":"mech.lore.upgrade_drill","color":"gray","italic":false}],
			    [{"translate":"item.durability","color":"gray","italic":false,"with":[{"text":"9000"},{"text":"9000"}]}],
				[{"translate":"mech.lore.upgrade_effects","color":"gray","italic":false},{"text":" "},{"translate":"enchantment.minecraft.unbreaking"},{"text":" "},{"translate":"enchantment.level.3"}],
				[{"translate":"mech.lore.added_by","color":"blue","italic":false}]
			  ]
			},
			{
              "function": "minecraft:set_nbt",
              "tag":"{CustomModelData: 6421375, HideFlags: 32, mechanization:{ id:\"reinforced_structural_gear\", upgrade:{type:2b, effect:\"fortune_3\", max_durability:9000, stats:{unbreaking:3}} }, smithed:{dict:{gear:{reinforced_structural_alloy:1b}}} }"
            }
          ]
        }
      ]
    }
  ]
}