{
  "condition": "minecraft:entity_properties",
  "entity": "this",
  "predicate": {
    "equipment": {
      "mainhand": {
        "items": [
          "minecraft:netherite_axe",
          "minecraft:diamond_axe",
          "minecraft:iron_axe",
          "minecraft:golden_axe",
          "minecraft:stone_axe",
          "minecraft:wooden_axe",

          "minecraft:netherite_boots",
          "minecraft:diamond_boots",
          "minecraft:iron_boots",
          "minecraft:golden_boots",
          "minecraft:chainmail_boots",
          "minecraft:leather_boots",

          "minecraft:bow",

          "minecraft:crossbow",

          "minecraft:netherite_chestplate",
          "minecraft:diamond_chestplate",
          "minecraft:iron_chestplate",
          "minecraft:golden_chestplate",
          "minecraft:chainmail_chestplate",
          "minecraft:leather_chestplate",

          "minecraft:elytra",

          "minecraft:fishing_rod",

          "minecraft:turtle_helmet",
          "minecraft:netherite_helmet",
          "minecraft:diamond_helmet",
          "minecraft:iron_helmet",
          "minecraft:golden_helmet",
          "minecraft:chainmail_helmet",
          "minecraft:leather_helmet",

          "minecraft:netherite_hoe",
          "minecraft:diamond_hoe",
          "minecraft:iron_hoe",
          "minecraft:golden_hoe",
          "minecraft:stone_hoe",
          "minecraft:wooden_hoe",

          "minecraft:netherite_leggings",
          "minecraft:diamond_leggings",
          "minecraft:iron_leggings",
          "minecraft:golden_leggings",
          "minecraft:chainmail_leggings",
          "minecraft:leather_leggings",

          "minecraft:netherite_pickaxe",
          "minecraft:diamond_pickaxe",
          "minecraft:iron_pickaxe",
          "minecraft:golden_pickaxe",
          "minecraft:stone_pickaxe",
          "minecraft:wooden_pickaxe",

          "minecraft:shears",

          "minecraft:shield",

          "minecraft:netherite_shovel",
          "minecraft:diamond_shovel",
          "minecraft:iron_shovel",
          "minecraft:golden_shovel",
          "minecraft:stone_shovel",
          "minecraft:wooden_shovel",

          "minecraft:netherite_sword",
          "minecraft:diamond_sword",
          "minecraft:iron_sword",
          "minecraft:golden_sword",
          "minecraft:stone_sword",
          "minecraft:wooden_sword",

          "minecraft:trident"
        ]
      }
    }
  }
}
