{
  "condition": "minecraft:entity_properties",
  "entity": "this",
  "predicate": {
    "equipment": {
      "mainhand": {
        "items": [
          "minecraft:netherite_axe",
          "minecraft:diamond_axe",
          "minecraft:iron_axe",
          "minecraft:golden_axe",
          "minecraft:stone_axe",
          "minecraft:wooden_axe",

          "minecraft:bow",

          "minecraft:crossbow",

          "minecraft:fishing_rod",

          "minecraft:netherite_hoe",
          "minecraft:diamond_hoe",
          "minecraft:iron_hoe",
          "minecraft:golden_hoe",
          "minecraft:stone_hoe",
          "minecraft:wooden_hoe",

          "minecraft:netherite_pickaxe",
          "minecraft:diamond_pickaxe",
          "minecraft:iron_pickaxe",
          "minecraft:golden_pickaxe",
          "minecraft:stone_pickaxe",
          "minecraft:wooden_pickaxe",

          "minecraft:shears",

          "minecraft:netherite_shovel",
          "minecraft:diamond_shovel",
          "minecraft:iron_shovel",
          "minecraft:golden_shovel",
          "minecraft:stone_shovel",
          "minecraft:wooden_shovel",

          "minecraft:netherite_sword",
          "minecraft:diamond_sword",
          "minecraft:iron_sword",
          "minecraft:golden_sword",
          "minecraft:stone_sword",
          "minecraft:wooden_sword",

          "minecraft:trident"
        ]
      }
    }
  }
}
