{
  "condition": "minecraft:entity_properties",
  "entity": "this",
  "predicate": {
    "equipment": {
      "mainhand": {
        "items": [
          "minecraft:netherite_sword",
          "minecraft:diamond_sword",
          "minecraft:iron_sword",
          "minecraft:golden_sword",
          "minecraft:stone_sword",
          "minecraft:wooden_sword",

          "minecraft:trident",

          "minecraft:netherite_axe",
          "minecraft:diamond_axe",
          "minecraft:iron_axe",
          "minecraft:golden_axe",
          "minecraft:stone_axe",
          "minecraft:wooden_axe"
        ]
      }
    }
  }
}
