{
    "display": {
        "title": {
            "translate": "mech.advancements.dimensional_generator.title",
			"color":"green"
        },
        "description": {
            "translate": "mech.advancements.dimensional_generator.desc",
			"color":"dark_aqua"
        },
        "icon": {
            "item": "minecraft:blast_furnace",
            "nbt": "{CustomModelData:6422015}"
        },
        "frame": "task"
    },
    "criteria": {
        "have_battery_1": {
            "trigger": "minecraft:inventory_changed",
            "conditions": {
                "items": [{
					    "id": "minecraft:blast_furnace",
                        "nbt": "{mechanization:{id:\"dimensional_generator\"}}"
                    }
                ]
            }
        }
    },
    "parent": "mechanization:machines/tier_3_battery"
}
