{
    "display": {
        "title": {
            "translate": "mech.advancements.solar_panel.title",
			"color":"green"
        },
        "description": {
            "translate": "mech.advancements.solar_panel.desc",
			"color":"dark_aqua"
        },
        "icon": {
            "item": "minecraft:blast_furnace",
            "nbt": "{CustomModelData:6422014}"
        },
        "frame": "task"
    },
    "criteria": {
        "have_battery_1": {
            "trigger": "minecraft:inventory_changed",
            "conditions": {
                "items": [{
					    "id": "minecraft:blast_furnace",
                        "nbt": "{mechanization:{id:\"solar_panel\"}}"
                    }
                ]
            }
        }
    },
    "parent": "mechanization:machines/tier_2_battery"
}
