{
    "display": {
        "title": {
            "translate": "mech.advancements.tree_feller.title",
			"color":"green"
        },
        "description": {
            "translate": "mech.advancements.tree_feller.desc",
			"color":"dark_aqua"
        },
        "icon": {
            "item": "minecraft:blast_furnace",
            "nbt": "{CustomModelData:6422002}"
        },
        "frame": "task"
    },
    "criteria": {
        "have_battery_1": {
            "trigger": "minecraft:inventory_changed",
            "conditions": {
                "items": [{
					    "id": "minecraft:blast_furnace",
                        "nbt": "{mechanization:{id:\"tree_feller\"}}"
                    }
                ]
            }
        }
    },
    "parent": "mechanization:machines/block_breaker"
}
