{
	"display": {
		"icon": { "item": "minecraft:barrel", "nbt": "{CustomModelData:2013338}" },
		"title": { "text": "Storing Energy III" },
		"description": { "text": "Upgrade an Awakened Stardust Battery", "color": "green" },
		"frame": "task",
		"show_toast": true,
		"announce_to_chat": true,
		"hidden": false
	},
	"parent": "stardust:visible/technology/battery/awakened",
	"criteria": { "requirement": {
		"trigger": "minecraft:inventory_changed",
		"conditions": { "items": [{
			"tag": "stardust:items",
			"nbt": "{stardust:{ultimate_battery:1b}}"
		}]}
	}}
}
