{
	"condition": "minecraft:alternative",
	"terms": [
	  {
		"condition": "minecraft:location_check",
		"offsetZ": -1,
		"predicate": {
		  "block": {
			"tag": "simpledrawer:unstable_blocks",
			"state": {
			  "facing": "south"
			}
		  }
		}
	  },
	  {
		"condition": "minecraft:location_check",
		"offsetZ": 1,
		"predicate": {
		  "block": {
			"tag": "simpledrawer:unstable_blocks",
			"state": {
			  "facing": "north"
			}
		  }
		}
	  },
	  {
		"condition": "minecraft:location_check",
		"offsetX": -1,
		"predicate": {
		  "block": {
			"tag": "simpledrawer:unstable_blocks",
			"state": {
			  "facing": "east"
			}
		  }
		}
	  },
	  {
		"condition": "minecraft:location_check",
		"offsetX": 1,
		"predicate": {
		  "block": {
			"tag": "simpledrawer:unstable_blocks",
			"state": {
			  "facing": "west"
			}
		  }
		}
	  },
	  {
		"condition": "minecraft:location_check",
		"offsetY": 1,
		"predicate": {
		  "block": {
			"tag": "simpledrawer:unstable_blocks",
			"state": {
			  "facing": "down"
			}
		  }
		}
	  },
	  {
		"condition": "minecraft:location_check",
		"offsetY": -1,
		"predicate": {
		  "block": {
			"tag": "simpledrawer:unstable_blocks",
			"state": {
			  "facing": "up"
			}
		  }
		}
	  }
	]
  }
  