{
  "type": "minecraft:entity",
  "pools": [
    {
      "rolls": 1,
      "entries": [
        {
          "type": "minecraft:item",
		  "name": "minecraft:structure_block",
          "functions": [
            {
			  "function": "minecraft:set_name",
			  "name": {"translate":"mech.plate.glowstone","color":"yellow","italic":false}
			},
			{
			  "function": "minecraft:set_lore",
			  "lore": [
				[{"translate":"mech.lore.upgrade_modular_armor","color":"gray","italic":false}],
			    [{"translate":"item.durability","color":"gray","italic":false,"with":[{"text":"1500"},{"text":"1500"}]}],
				[{"translate":"mech.lore.upgrade_effects","color":"gray","italic":false},{"text":" "},{"translate":"mech.lore.upgrade_illuminating"}],
				[{"translate":"mech.lore.upgrade_stats","color":"gray","italic":false}],
				[{"text":"  0.5 ","color":"dark_green","italic":false},{"translate":"attribute.name.generic.armor"}],
				[{"text":"  0.25 ","color":"dark_green","italic":false},{"translate":"attribute.name.generic.armor_toughness"}],
				[{"translate":"mech.lore.added_by","color":"blue","italic":false}]
			  ]
			},
			{
              "function": "minecraft:set_nbt",
              "tag":"{CustomModelData: 6421550, HideFlags: 32, mechanization:{ id:\"glowstone_plate\", upgrade:{type:3b, effect:\"illuminating\", max_durability:1500, stats:{armor:0.5, armor_toughness:0.25}} }, smithed:{dict:{plate:{glowstone:1b}}} }"
            }
          ]
        }
      ]
    }
  ]
}