{
  "type": "minecraft:entity",
  "pools": [
    {
      "rolls": 1,
      "entries": [
        {
          "type": "minecraft:item",
		  "name": "minecraft:structure_block",
          "functions": [
            {
			  "function": "minecraft:set_name",
			  "name": {"translate":"mech.plate.iron","color":"white","italic":false}
			},
			{
			  "function": "minecraft:set_lore",
			  "lore": [
				[{"translate":"mech.lore.upgrade_modular_armor","color":"gray","italic":false}],
			    [{"translate":"item.durability","color":"gray","italic":false,"with":[{"text":"500"},{"text":"500"}]}],
				[{"translate":"mech.lore.upgrade_stats","color":"gray","italic":false}],
				[{"text":"  0.75 ","color":"dark_green","italic":false},{"translate":"attribute.name.generic.armor"}],
				[{"text":"  0 ","color":"dark_green","italic":false},{"translate":"attribute.name.generic.armor_toughness"}],
				[{"translate":"mech.lore.added_by","color":"blue","italic":false}]
			  ]
			},
			{
              "function": "minecraft:set_nbt",
              "tag":"{CustomModelData: 6421450, HideFlags: 32, mechanization:{ id:\"iron_plate\", upgrade:{type:3b, effect:\"none\", max_durability:500, stats:{armor:0.75}} }, smithed:{dict:{plate:{iron:1b}}} }"
            }
          ]
        }
      ]
    }
  ]
}