{
  "type": "minecraft:entity",
  "pools": [
    {
      "rolls": 1,
      "entries": [
        {
          "type": "minecraft:item",
		  "name": "minecraft:structure_block",
          "functions": [
            {
			  "function": "minecraft:set_name",
			  "name": {"translate":"mech.rod.reinforced_structural","color":"dark_aqua","italic":false}
			},
			{
			  "function": "minecraft:set_lore",
			  "lore": [
				[{"translate":"mech.lore.upgrade_energy_saber","color":"gray","italic":false}],
			    [{"translate":"item.durability","color":"gray","italic":false,"with":[{"text":"9000"},{"text":"9000"}]}],
				[{"translate":"mech.lore.upgrade_effects","color":"gray","italic":false},{"text":" "},{"translate":"enchantment.minecraft.unbreaking"},{"text":" "},{"translate":"enchantment.level.3"}],
				[{"translate":"mech.lore.upgrade_stats","color":"gray","italic":false}],
				[{"text":"  3 ","color":"dark_green","italic":false},{"translate":"attribute.name.generic.attack_damage"}],
				[{"text":"  0.4 ","color":"dark_green","italic":false},{"translate":"attribute.name.generic.attack_speed"}],
				[{"text":"  2 ","color":"dark_green","italic":false},{"translate":"mech.lore.energy_saber_range"}],
				[{"translate":"mech.lore.added_by","color":"blue","italic":false}]
			  ]
			},
			{
              "function": "minecraft:set_nbt",
              "tag":"{CustomModelData: 6421376, HideFlags: 32, mechanization:{ id:\"reinforced_structural_rod\", upgrade:{type:1b, effect:\"none\", max_durability:9000, stats:{attack_damage:3, attack_speed:0.4, energy_saber_range:2, unbreaking:2}} }, smithed:{dict:{rod:{reinforced_structural_alloy:1b}}} }"
            }
          ]
        }
      ]
    }
  ]
}