{
  "condition": "minecraft:alternative",
  "terms": [
    {
      "condition": "minecraft:entity_properties",
      "entity": "this",
      "predicate": {
        "equipment": {
          "head": {
            "items": [
              "minecraft:leather_helmet"
            ],
            "nbt": "{mechanization:{id:\"modular_helmet\"}}"
          }
        }
      }
    },
	{
      "condition": "minecraft:entity_properties",
      "entity": "this",
      "predicate": {
        "equipment": {
          "chest": {
            "items": [
              "minecraft:leather_chestplate",
			  "minecraft:elytra"
            ],
            "nbt": "{mechanization:{id:\"modular_chestplate\"}}"
          }
        }
      }
    },
	{
      "condition": "minecraft:entity_properties",
      "entity": "this",
      "predicate": {
        "equipment": {
          "legs": {
            "items": [
              "minecraft:leather_leggings"
            ],
            "nbt": "{mechanization:{id:\"modular_leggings\"}}"
          }
        }
      }
    },
	{
      "condition": "minecraft:entity_properties",
      "entity": "this",
      "predicate": {
        "equipment": {
          "feet": {
            "items": [
              "minecraft:leather_boots"
            ],
            "nbt": "{mechanization:{id:\"modular_boots\"}}"
          }
        }
      }
    }
  ]
}
