{
    "display": {
        "title": {
            "translate": "mech.advancements.tin_ore.title",
			"color":"green"
        },
        "description": {
            "translate": "mech.advancements.tin_ore.desc",
			"color":"dark_aqua"
        },
        "icon": {
            "item": "minecraft:blast_furnace",
            "nbt": "{CustomModelData:6421310}"
        },
        "frame": "task"
    },
    "criteria": {
        "have_tin_ore": {
            "trigger": "minecraft:inventory_changed",
            "conditions": {
                "items": [{
                        "nbt": "{mech_itemid:1313}"
                    }
                ]
            }
        }
    },
    "parent": "mechanization:mechanization"
}
