{
  "display": {
    "icon": {
      "item": "minecraft:golden_axe"
    },
    "title": {
      "translate":"Technical Axe",
      "color":"#FFE2A8"
    },
    "description": {
      "translate": "Get every custom enchantment book for the axe",
      "color": "green"
    },
    "frame": "goal",
    "show_toast": true,
    "announce_to_chat": false,
    "hidden": false
  },
  "parent": "enchadv:tools/start",
  "criteria": {
    "got_auto_smelt": {
      "trigger": "minecraft:inventory_changed",
      "conditions": {
        "items": [
          {
            "items": [
              "minecraft:enchanted_book"
            ],
            "nbt": "{StoredCustomEnchantments:[{id:\"AutoSmelt\"}]}"
          }
        ]
      }
    },
    "got_chopping": {
      "trigger": "minecraft:inventory_changed",
      "conditions": {
        "items": [
          {
            "items": [
              "minecraft:enchanted_book"
            ],
            "nbt": "{StoredCustomEnchantments:[{id:\"Chopping\"}]}"
          }
        ]
      }
    },
    "got_haste": {
      "trigger": "minecraft:inventory_changed",
      "conditions": {
        "items": [
          {
            "items": [
              "minecraft:enchanted_book"
            ],
            "nbt": "{StoredCustomEnchantments:[{id:\"Haste\"}]}"
          }
        ]
      }
    },
    "got_timber": {
      "trigger": "minecraft:inventory_changed",
      "conditions": {
        "items": [
          {
            "items": [
              "minecraft:enchanted_book"
            ],
            "nbt": "{StoredCustomEnchantments:[{id:\"Timber\"}]}"
          }
        ]
      }
    },
    "got_transmission": {
      "trigger": "minecraft:inventory_changed",
      "conditions": {
        "items": [
          {
            "items": [
              "minecraft:enchanted_book"
            ],
            "nbt": "{StoredCustomEnchantments:[{id:\"Transmission\"}]}"
          }
        ]
      }
    },
    "got_xp_boost": {
      "trigger": "minecraft:inventory_changed",
      "conditions": {
        "items": [
          {
            "items": [
              "minecraft:enchanted_book"
            ],
            "nbt": "{StoredCustomEnchantments:[{id:\"XpBoost\"}]}"
          }
        ]
      }
    }
  },
  "requirements": [
    [
      "got_auto_smelt"
    ],
    [
      "got_chopping"
    ],
    [
      "got_haste"
    ],
    [
      "got_timber"
    ],
    [
      "got_transmission"
    ],
    [
      "got_xp_boost"
    ]
  ]
}
