{
    "display": {
        "title": {
            "translate": "mech.advancements.item_reformer.title",
			"color":"green"
        },
        "description": {
            "translate": "mech.advancements.item_reformer.desc",
			"color":"dark_aqua"
        },
        "icon": {
            "item": "minecraft:blast_furnace",
            "nbt": "{CustomModelData:6422010}"
        },
        "frame": "task"
    },
    "criteria": {
        "have_battery_1": {
            "trigger": "minecraft:inventory_changed",
            "conditions": {
                "items": [{
					    "id": "minecraft:blast_furnace",
                        "nbt": "{mechanization:{id:\"item_reformer\"}}"
                    }
                ]
            }
        }
    },
    "parent": "mechanization:machines/mob_grinder"
}
