{
  "type": "minecraft:entity",
  "pools": [
    {
      "rolls": 1,
      "entries": [
        {
          "type": "minecraft:item",
		  "name": "minecraft:item_frame",
          "functions": [
            {
			  "function": "minecraft:set_name",
			  "name": {"translate":"mech.block.item_inserter","color":"dark_red","italic":false}
			},
			{
			  "function": "minecraft:set_lore",
			  "lore": [
				{"translate":"mech.lore.added_by","color":"blue","italic":false}
			  ]
			},
			{
              "function": "minecraft:set_nbt",
              "tag":"{CustomModelData: 6425009, mechanization:{id:\"item_inserter\"}, EntityTag:{Tags:[\"mechanization\", \"mechanization.item_inserter\", \"mechanization.redstone_control\", \"smithed.block\"], CustomName:'{\"translate\":\"mech.block.item_inserter\"}', Invulnerable:1b, Invisible:1b, Silent:1b, Item:{id:\"minecraft:blast_furnace\", Count:1b, tag:{CustomModelData:6425009}}}}"
            }
          ]
        }
      ]
    }
  ]
}
