{
  "type": "minecraft:entity",
  "pools": [
    {
      "rolls": 1,
      "entries": [
        {
          "type": "minecraft:item",
		  "name": "minecraft:blast_furnace",
          "functions": [
            {
			  "function": "minecraft:set_name",
			  "name": {"translate":"mech.block.stone_cutter","color":"dark_red","italic":false}
			},
			{
			  "function": "minecraft:set_lore",
			  "lore": [
			    {"translate":"mech.lore.consume","with":["16"],"color":"white","italic":false},
				{"translate":"mech.lore.added_by","color":"blue","italic":false}
			  ]
			},
			{
              "function": "minecraft:set_nbt",
              "tag":"{CustomModelData: 6425002, HideFlags: 6, mechanization:{ id:\"stone_cutter\" }, BlockEntityTag:{Items:[{id:\"minecraft:stone\", Count:1b, Slot:0b, tag:{smithed:{block:{id:\"mechanization:stone_cutter\"}}}}]} }"
            }
          ]
        }
      ]
    }
  ]
}