
{
  "type": "minecraft:entity",
  "pools": [
    {
      "rolls": 1,
      "entries": [
        {
          "type": "minecraft:item",
          "name": "minecraft:written_book",
          "functions": [
            {
              "function": "minecraft:set_name",
              "name": {"translate":"mech.item.mechanical_manual","color":"gray","italic":false}
            },
            {
              "function": "minecraft:set_lore",
              "lore": [
                {"translate":"mech.lore.added_by","color":"blue","italic":false}
              ]
            },
            {
              "function": "minecraft:set_nbt",
              "tag":"{CustomModelData: 6421105, mechanization:{id:\"mechanical_manual\", manual_version:8}, HideFlags: 32, author:\"ImCoolYeah105\", title:\"Mechanical Manual\" }"
            },
            {
              "function": "minecraft:set_nbt",
              "tag":"{pages:['[{\"text\":\"\uee05\",\"font\":\"mechanization:manual\",\"color\":\"white\"},{\"text\":\"      \"},{\"translate\":\"mech.manual.apps_page\",\"color\":\"dark_aqua\"},{\"text\":\"\n\"},{\"text\":\" \uee06\"},{\"translate\":\"offset.-1\",\"font\":\"space:default\",\"with\":[ {\"text\":\"\uee08\",\"font\":\"mechanization:manual\",\"hoverEvent\":{\"action\":\"show_text\",\"contents\":[ {\"translate\":\"mech.manual.app_base\"},{\"text\":\"\n\"},{\"translate\":\"mech.manual.app_base_desc\",\"color\":\"gray\"}]},\"clickEvent\":{\"action\":\"run_command\",\"value\":\"/trigger mechanization.manual set -1\"}}]},{\"translate\":\"offset.-2\",\"font\":\"space:default\",\"with\":[ {\"text\":\"\uee09\",\"font\":\"mechanization:manual\",\"hoverEvent\":{\"action\":\"show_text\",\"contents\":[ {\"translate\":\"mech.manual.app_machines\"},{\"text\":\"\n\"},{\"translate\":\"mech.manual.app_machines_desc\",\"color\":\"gray\"}]},\"clickEvent\":{\"action\":\"run_command\",\"value\":\"/trigger mechanization.manual set -2\"}}]},{\"translate\":\"offset.-3\",\"font\":\"space:default\",\"with\":[ {\"text\":\"\uee0a\",\"font\":\"mechanization:manual\",\"hoverEvent\":{\"action\":\"show_text\",\"contents\":[ {\"translate\":\"mech.manual.app_nuclear\"},{\"text\":\"\n\"},{\"translate\":\"mech.manual.app_nuclear_desc\",\"color\":\"gray\"}]},\"clickEvent\":{\"action\":\"run_command\",\"value\":\"/trigger mechanization.manual set -3\"}}]},{\"translate\":\"offset.-4\",\"font\":\"space:default\",\"with\":[ {\"text\":\"\uee07\",\"font\":\"mechanization:manual\"}]},{\"text\":\"\n  \"},{\"text\":\"        \",\"hoverEvent\":{\"action\":\"show_text\",\"contents\":[ {\"translate\":\"mech.manual.app_base\"},{\"text\":\"\n\"},{\"translate\":\"mech.manual.app_base_desc\",\"color\":\"gray\"}]},\"clickEvent\":{\"action\":\"run_command\",\"value\":\"/trigger mechanization.manual set -1\"}},{\"text\":\"        \",\"hoverEvent\":{\"action\":\"show_text\",\"contents\":[ {\"translate\":\"mech.manual.app_machines\"},{\"text\":\"\n\"},{\"translate\":\"mech.manual.app_machines_desc\",\"color\":\"gray\"}]},\"clickEvent\":{\"action\":\"run_command\",\"value\":\"/trigger mechanization.manual set -2\"}},{\"text\":\"        \",\"hoverEvent\":{\"action\":\"show_text\",\"contents\":[ {\"translate\":\"mech.manual.app_nuclear\"},{\"text\":\"\n\"},{\"translate\":\"mech.manual.app_nuclear_desc\",\"color\":\"gray\"}]},\"clickEvent\":{\"action\":\"run_command\",\"value\":\"/trigger mechanization.manual set -3\"}},{\"text\":\"\n  \"},{\"text\":\"        \",\"hoverEvent\":{\"action\":\"show_text\",\"contents\":[ {\"translate\":\"mech.manual.app_base\"},{\"text\":\"\n\"},{\"translate\":\"mech.manual.app_base_desc\",\"color\":\"gray\"}]},\"clickEvent\":{\"action\":\"run_command\",\"value\":\"/trigger mechanization.manual set -1\"}},{\"text\":\"        \",\"hoverEvent\":{\"action\":\"show_text\",\"contents\":[ {\"translate\":\"mech.manual.app_machines\"},{\"text\":\"\n\"},{\"translate\":\"mech.manual.app_machines_desc\",\"color\":\"gray\"}]},\"clickEvent\":{\"action\":\"run_command\",\"value\":\"/trigger mechanization.manual set -2\"}},{\"text\":\"        \",\"hoverEvent\":{\"action\":\"show_text\",\"contents\":[ {\"translate\":\"mech.manual.app_nuclear\"},{\"text\":\"\n\"},{\"translate\":\"mech.manual.app_nuclear_desc\",\"color\":\"gray\"}]},\"clickEvent\":{\"action\":\"run_command\",\"value\":\"/trigger mechanization.manual set -3\"}},{\"text\":\"\n\"},{\"text\":\" \uee06\"},{\"translate\":\"offset.-1\",\"font\":\"space:default\",\"with\":[ {\"text\":\"\uee0b\",\"font\":\"mechanization:manual\",\"hoverEvent\":{\"action\":\"show_text\",\"contents\":[ {\"translate\":\"mech.manual.app_gadgets\"},{\"text\":\"\n\"},{\"translate\":\"mech.manual.app_gadgets_desc\",\"color\":\"gray\"}]},\"clickEvent\":{\"action\":\"run_command\",\"value\":\"/trigger mechanization.manual set -4\"}}]},{\"translate\":\"offset.-2\",\"font\":\"space:default\",\"with\":[ {\"text\":\"\uee0c\",\"font\":\"mechanization:manual\",\"hoverEvent\":{\"action\":\"show_text\",\"contents\":[ {\"translate\":\"mech.manual.app_assembly\"},{\"text\":\"\n\"},{\"translate\":\"mech.manual.app_assembly_desc\",\"color\":\"gray\"}]},\"clickEvent\":{\"action\":\"run_command\",\"value\":\"/trigger mechanization.manual set -5\"}}]},{\"translate\":\"offset.-3\",\"font\":\"space:default\",\"with\":[ {\"text\":\"\uee0d\",\"font\":\"mechanization:manual\",\"hoverEvent\":{\"action\":\"show_text\",\"contents\":[ {\"translate\":\"mech.manual.app_tcc\"},{\"text\":\"\n\"},{\"translate\":\"mech.manual.app_tcc_desc\",\"color\":\"gray\"}]},\"clickEvent\":{\"action\":\"run_command\",\"value\":\"/trigger mechanization.manual set -6\"}}]},{\"translate\":\"offset.-4\",\"font\":\"space:default\",\"with\":[ {\"text\":\"\uee07\",\"font\":\"mechanization:manual\"}]},{\"text\":\"\n  \"},{\"text\":\"        \",\"hoverEvent\":{\"action\":\"show_text\",\"contents\":[ {\"translate\":\"mech.manual.app_gadgets\"},{\"text\":\"\n\"},{\"translate\":\"mech.manual.app_gadgets_desc\",\"color\":\"gray\"}]},\"clickEvent\":{\"action\":\"run_command\",\"value\":\"/trigger mechanization.manual set -4\"}},{\"text\":\"        \",\"hoverEvent\":{\"action\":\"show_text\",\"contents\":[ {\"translate\":\"mech.manual.app_assembly\"},{\"text\":\"\n\"},{\"translate\":\"mech.manual.app_assembly_desc\",\"color\":\"gray\"}]},\"clickEvent\":{\"action\":\"run_command\",\"value\":\"/trigger mechanization.manual set -5\"}},{\"text\":\"        \",\"hoverEvent\":{\"action\":\"show_text\",\"contents\":[ {\"translate\":\"mech.manual.app_tcc\"},{\"text\":\"\n\"},{\"translate\":\"mech.manual.app_tcc_desc\",\"color\":\"gray\"}]},\"clickEvent\":{\"action\":\"run_command\",\"value\":\"/trigger mechanization.manual set -6\"}},{\"text\":\"\n  \"},{\"text\":\"        \",\"hoverEvent\":{\"action\":\"show_text\",\"contents\":[ {\"translate\":\"mech.manual.app_gadgets\"},{\"text\":\"\n\"},{\"translate\":\"mech.manual.app_gadgets_desc\",\"color\":\"gray\"}]},\"clickEvent\":{\"action\":\"run_command\",\"value\":\"/trigger mechanization.manual set -4\"}},{\"text\":\"        \",\"hoverEvent\":{\"action\":\"show_text\",\"contents\":[ {\"translate\":\"mech.manual.app_assembly\"},{\"text\":\"\n\"},{\"translate\":\"mech.manual.app_assembly_desc\",\"color\":\"gray\"}]},\"clickEvent\":{\"action\":\"run_command\",\"value\":\"/trigger mechanization.manual set -5\"}},{\"text\":\"        \",\"hoverEvent\":{\"action\":\"show_text\",\"contents\":[ {\"translate\":\"mech.manual.app_tcc\"},{\"text\":\"\n\"},{\"translate\":\"mech.manual.app_tcc_desc\",\"color\":\"gray\"}]},\"clickEvent\":{\"action\":\"run_command\",\"value\":\"/trigger mechanization.manual set -6\"}},{\"text\":\"\n\"},{\"text\":\" \uee06\"},{\"translate\":\"offset.-1\",\"font\":\"space:default\",\"with\":[ {\"text\":\"\uee16\",\"font\":\"mechanization:manual\",\"hoverEvent\":{\"action\":\"show_text\",\"contents\":[ {\"translate\":\"mech.manual.app_accessory_bag\"},{\"text\":\"\n\"},{\"translate\":\"mech.manual.app_accessory_bag_desc\",\"color\":\"gray\"}]},\"clickEvent\":{\"action\":\"run_command\",\"value\":\"/trigger mechanization.manual set -7\"}}]},{\"translate\":\"offset.-2\",\"font\":\"space:default\",\"with\":[ {\"text\":\"\uee07\",\"font\":\"mechanization:manual\"}]},{\"text\":\"\n  \"},{\"text\":\"        \",\"hoverEvent\":{\"action\":\"show_text\",\"contents\":[ {\"translate\":\"mech.manual.app_accessory_bag\"},{\"text\":\"\n\"},{\"translate\":\"mech.manual.app_accessory_bag_desc\",\"color\":\"gray\"}]},\"clickEvent\":{\"action\":\"run_command\",\"value\":\"/trigger mechanization.manual set -7\"}},{\"text\":\"\n  \"},{\"text\":\"        \",\"hoverEvent\":{\"action\":\"show_text\",\"contents\":[ {\"translate\":\"mech.manual.app_accessory_bag\"},{\"text\":\"\n\"},{\"translate\":\"mech.manual.app_accessory_bag_desc\",\"color\":\"gray\"}]},\"clickEvent\":{\"action\":\"run_command\",\"value\":\"/trigger mechanization.manual set -7\"}},{\"text\":\"\n\"}]','[{\"text\":\"\",\"font\":\"mechanization:manual\",\"color\":\"white\"},{\"text\":\"\uee05\"},{\"translate\":\"mech.manual.machines_section\",\"color\":\"dark_aqua\"},{\"text\":\"\n  \"},{\"text\":\"\uee12\"},{\"text\":\"\n\"},{\"text\":\"  \"},{\"text\":\"\uee10\"},{\"translate\":\"offset.-1\",\"font\":\"space:default\",\"with\":[ {\"text\":\"\uee23\",\"font\":\"mechanization:manual\",\"hoverEvent\":{\"action\":\"show_text\",\"contents\":[ {\"translate\":\"mech.manual.progression.title\"}]},\"clickEvent\":{\"action\":\"change_page\",\"value\":4}}]},{\"translate\":\"offset.-2\",\"font\":\"space:default\",\"with\":[ {\"text\":\"\uee79\",\"font\":\"mechanization:manual\",\"hoverEvent\":{\"action\":\"show_text\",\"contents\":[ {\"translate\":\"mech.manual.steam_generator.title\"}]},\"clickEvent\":{\"action\":\"change_page\",\"value\":6}}]},{\"translate\":\"offset.-3\",\"font\":\"space:default\",\"with\":[ {\"text\":\"\uee7a\",\"font\":\"mechanization:manual\",\"hoverEvent\":{\"action\":\"show_text\",\"contents\":[ {\"translate\":\"mech.manual.alloy_furnace.title\"}]},\"clickEvent\":{\"action\":\"change_page\",\"value\":8}}]},{\"translate\":\"offset.-4\",\"font\":\"space:default\",\"with\":[ {\"text\":\"\uee7b\",\"font\":\"mechanization:manual\",\"hoverEvent\":{\"action\":\"show_text\",\"contents\":[ {\"translate\":\"mech.manual.tier_2_alloys.title\"}]},\"clickEvent\":{\"action\":\"change_page\",\"value\":10}}]},{\"translate\":\"offset.-5\",\"font\":\"space:default\",\"with\":[ {\"text\":\"\uee7c\",\"font\":\"mechanization:manual\",\"hoverEvent\":{\"action\":\"show_text\",\"contents\":[ {\"translate\":\"mech.manual.tier_3_alloys.title\"}]},\"clickEvent\":{\"action\":\"change_page\",\"value\":11}}]},{\"translate\":\"offset.-8\",\"font\":\"space:default\",\"with\":[ {\"text\":\"\uee11\",\"font\":\"mechanization:manual\"}]},{\"text\":\"\n   \"},{\"translate\":\"offset.-1\",\"font\":\"space:default\",\"with\":[ {\"text\":\"\uee14\",\"font\":\"mechanization:manual\",\"hoverEvent\":{\"action\":\"show_text\",\"contents\":[ {\"translate\":\"mech.manual.progression.title\"}]},\"clickEvent\":{\"action\":\"change_page\",\"value\":4}}]},{\"translate\":\"offset.-2\",\"font\":\"space:default\",\"with\":[ {\"text\":\"\uee14\",\"font\":\"mechanization:manual\",\"hoverEvent\":{\"action\":\"show_text\",\"contents\":[ {\"translate\":\"mech.manual.steam_generator.title\"}]},\"clickEvent\":{\"action\":\"change_page\",\"value\":6}}]},{\"translate\":\"offset.-3\",\"font\":\"space:default\",\"with\":[ {\"text\":\"\uee14\",\"font\":\"mechanization:manual\",\"hoverEvent\":{\"action\":\"show_text\",\"contents\":[ {\"translate\":\"mech.manual.alloy_furnace.title\"}]},\"clickEvent\":{\"action\":\"change_page\",\"value\":8}}]},{\"translate\":\"offset.-4\",\"font\":\"space:default\",\"with\":[ {\"text\":\"\uee14\",\"font\":\"mechanization:manual\",\"hoverEvent\":{\"action\":\"show_text\",\"contents\":[ {\"translate\":\"mech.manual.tier_2_alloys.title\"}]},\"clickEvent\":{\"action\":\"change_page\",\"value\":10}}]},{\"translate\":\"offset.-5\",\"font\":\"space:default\",\"with\":[ {\"text\":\"\uee14\",\"font\":\"mechanization:manual\",\"hoverEvent\":{\"action\":\"show_text\",\"contents\":[ {\"translate\":\"mech.manual.tier_3_alloys.title\"}]},\"clickEvent\":{\"action\":\"change_page\",\"value\":11}}]},{\"text\":\"\n  \"},{\"text\":\"\uee10\"},{\"translate\":\"offset.-1\",\"font\":\"space:default\",\"with\":[ {\"text\":\"\uee7d\",\"font\":\"mechanization:manual\",\"hoverEvent\":{\"action\":\"show_text\",\"contents\":[ {\"translate\":\"mech.manual.liquid_pipe.title\"}]},\"clickEvent\":{\"action\":\"change_page\",\"value\":13}}]},{\"translate\":\"offset.-2\",\"font\":\"space:default\",\"with\":[ {\"text\":\"\uee7e\",\"font\":\"mechanization:manual\",\"hoverEvent\":{\"action\":\"show_text\",\"contents\":[ {\"translate\":\"mech.manual.thermoelectric_generator.title\"}]},\"clickEvent\":{\"action\":\"change_page\",\"value\":17}}]},{\"translate\":\"offset.-3\",\"font\":\"space:default\",\"with\":[ {\"text\":\"\uee7f\",\"font\":\"mechanization:manual\",\"hoverEvent\":{\"action\":\"show_text\",\"contents\":[ {\"translate\":\"mech.manual.arc_furnace.title\"}]},\"clickEvent\":{\"action\":\"change_page\",\"value\":20}}]},{\"translate\":\"offset.-4\",\"font\":\"space:default\",\"with\":[ {\"text\":\"\uee80\",\"font\":\"mechanization:manual\",\"hoverEvent\":{\"action\":\"show_text\",\"contents\":[ {\"translate\":\"mech.manual.casting_basin.title\"}]},\"clickEvent\":{\"action\":\"change_page\",\"value\":22}}]},{\"translate\":\"offset.-5\",\"font\":\"space:default\",\"with\":[ {\"text\":\"\uef1b\",\"font\":\"mechanization:manual\",\"hoverEvent\":{\"action\":\"show_text\",\"contents\":[ {\"translate\":\"mech.manual.liquid_accumulator.title\"}]},\"clickEvent\":{\"action\":\"change_page\",\"value\":24}}]},{\"translate\":\"offset.-8\",\"font\":\"space:default\",\"with\":[ {\"text\":\"\uee11\",\"font\":\"mechanization:manual\"}]},{\"text\":\"\n   \"},{\"translate\":\"offset.-1\",\"font\":\"space:default\",\"with\":[ {\"text\":\"\uee14\",\"font\":\"mechanization:manual\",\"hoverEvent\":{\"action\":\"show_text\",\"contents\":[ {\"translate\":\"mech.manual.liquid_pipe.title\"}]},\"clickEvent\":{\"action\":\"change_page\",\"value\":13}}]},{\"translate\":\"offset.-2\",\"font\":\"space:default\",\"with\":[ {\"text\":\"\uee14\",\"font\":\"mechanization:manual\",\"hoverEvent\":{\"action\":\"show_text\",\"contents\":[ {\"translate\":\"mech.manual.thermoelectric_generator.title\"}]},\"clickEvent\":{\"action\":\"change_page\",\"value\":17}}]},{\"translate\":\"offset.-3\",\"font\":\"space:default\",\"with\":[ {\"text\":\"\uee14\",\"font\":\"mechanization:manual\",\"hoverEvent\":{\"action\":\"show_text\",\"contents\":[ {\"translate\":\"mech.manual.arc_furnace.title\"}]},\"clickEvent\":{\"action\":\"change_page\",\"value\":20}}]},{\"translate\":\"offset.-4\",\"font\":\"space:default\",\"with\":[ {\"text\":\"\uee14\",\"font\":\"mechanization:manual\",\"hoverEvent\":{\"action\":\"show_text\",\"contents\":[ {\"translate\":\"mech.manual.casting_basin.title\"}]},\"clickEvent\":{\"action\":\"change_page\",\"value\":22}}]},{\"translate\":\"offset.-5\",\"font\":\"space:default\",\"with\":[ {\"text\":\"\uee14\",\"font\":\"mechanization:manual\",\"hoverEvent\":{\"action\":\"show_text\",\"contents\":[ {\"translate\":\"mech.manual.liquid_accumulator.title\"}]},\"clickEvent\":{\"action\":\"change_page\",\"value\":24}}]},{\"text\":\"\n  \"},{\"text\":\"\uee10\"},{\"translate\":\"offset.-1\",\"font\":\"space:default\",\"with\":[ {\"text\":\"\uee82\",\"font\":\"mechanization:manual\",\"hoverEvent\":{\"action\":\"show_text\",\"contents\":[ {\"translate\":\"mech.manual.tier_1_liquid_tank.title\"}]},\"clickEvent\":{\"action\":\"change_page\",\"value\":14}}]},{\"translate\":\"offset.-2\",\"font\":\"space:default\",\"with\":[ {\"text\":\"\uee81\",\"font\":\"mechanization:manual\",\"hoverEvent\":{\"action\":\"show_text\",\"contents\":[ {\"translate\":\"mech.manual.electric_furnace.title\"}]},\"clickEvent\":{\"action\":\"change_page\",\"value\":25}}]},{\"translate\":\"offset.-3\",\"font\":\"space:default\",\"with\":[ {\"text\":\"\uee83\",\"font\":\"mechanization:manual\",\"hoverEvent\":{\"action\":\"show_text\",\"contents\":[ {\"translate\":\"mech.manual.tree_feller.title\"}]},\"clickEvent\":{\"action\":\"change_page\",\"value\":27}}]},{\"translate\":\"offset.-4\",\"font\":\"space:default\",\"with\":[ {\"text\":\"\uee84\",\"font\":\"mechanization:manual\",\"hoverEvent\":{\"action\":\"show_text\",\"contents\":[ {\"translate\":\"mech.manual.growth_accelerator.title\"}]},\"clickEvent\":{\"action\":\"change_page\",\"value\":29}}]},{\"translate\":\"offset.-5\",\"font\":\"space:default\",\"with\":[ {\"text\":\"\uee86\",\"font\":\"mechanization:manual\",\"hoverEvent\":{\"action\":\"show_text\",\"contents\":[ {\"translate\":\"mech.manual.grinder.title\"}]},\"clickEvent\":{\"action\":\"change_page\",\"value\":33}}]},{\"translate\":\"offset.-8\",\"font\":\"space:default\",\"with\":[ {\"text\":\"\uee11\",\"font\":\"mechanization:manual\"}]},{\"text\":\"\n   \"},{\"translate\":\"offset.-1\",\"font\":\"space:default\",\"with\":[ {\"text\":\"\uee14\",\"font\":\"mechanization:manual\",\"hoverEvent\":{\"action\":\"show_text\",\"contents\":[ {\"translate\":\"mech.manual.tier_1_liquid_tank.title\"}]},\"clickEvent\":{\"action\":\"change_page\",\"value\":14}}]},{\"translate\":\"offset.-2\",\"font\":\"space:default\",\"with\":[ {\"text\":\"\uee14\",\"font\":\"mechanization:manual\",\"hoverEvent\":{\"action\":\"show_text\",\"contents\":[ {\"translate\":\"mech.manual.electric_furnace.title\"}]},\"clickEvent\":{\"action\":\"change_page\",\"value\":25}}]},{\"translate\":\"offset.-3\",\"font\":\"space:default\",\"with\":[ {\"text\":\"\uee14\",\"font\":\"mechanization:manual\",\"hoverEvent\":{\"action\":\"show_text\",\"contents\":[ {\"translate\":\"mech.manual.tree_feller.title\"}]},\"clickEvent\":{\"action\":\"change_page\",\"value\":27}}]},{\"translate\":\"offset.-4\",\"font\":\"space:default\",\"with\":[ {\"text\":\"\uee14\",\"font\":\"mechanization:manual\",\"hoverEvent\":{\"action\":\"show_text\",\"contents\":[ {\"translate\":\"mech.manual.growth_accelerator.title\"}]},\"clickEvent\":{\"action\":\"change_page\",\"value\":29}}]},{\"translate\":\"offset.-5\",\"font\":\"space:default\",\"with\":[ {\"text\":\"\uee14\",\"font\":\"mechanization:manual\",\"hoverEvent\":{\"action\":\"show_text\",\"contents\":[ {\"translate\":\"mech.manual.grinder.title\"}]},\"clickEvent\":{\"action\":\"change_page\",\"value\":33}}]},{\"text\":\"\n  \"},{\"text\":\"\uee10\"},{\"translate\":\"offset.-1\",\"font\":\"space:default\",\"with\":[ {\"text\":\"\uee87\",\"font\":\"mechanization:manual\",\"hoverEvent\":{\"action\":\"show_text\",\"contents\":[ {\"translate\":\"mech.manual.tier_2_liquid_tank.title\"}]},\"clickEvent\":{\"action\":\"change_page\",\"value\":15}}]},{\"translate\":\"offset.-2\",\"font\":\"space:default\",\"with\":[ {\"text\":\"\uee85\",\"font\":\"mechanization:manual\",\"hoverEvent\":{\"action\":\"show_text\",\"contents\":[ {\"translate\":\"mech.manual.block_breaker.title\"}]},\"clickEvent\":{\"action\":\"change_page\",\"value\":31}}]},{\"translate\":\"offset.-3\",\"font\":\"space:default\",\"with\":[ {\"text\":\"\uee88\",\"font\":\"mechanization:manual\",\"hoverEvent\":{\"action\":\"show_text\",\"contents\":[ {\"translate\":\"mech.manual.solar_panel.title\"}]},\"clickEvent\":{\"action\":\"change_page\",\"value\":35}}]},{\"translate\":\"offset.-4\",\"font\":\"space:default\",\"with\":[ {\"text\":\"\uee89\",\"font\":\"mechanization:manual\",\"hoverEvent\":{\"action\":\"show_text\",\"contents\":[ {\"translate\":\"mech.manual.bio_generator.title\"}]},\"clickEvent\":{\"action\":\"change_page\",\"value\":37}}]},{\"translate\":\"offset.-5\",\"font\":\"space:default\",\"with\":[ {\"text\":\"\uee8a\",\"font\":\"mechanization:manual\",\"hoverEvent\":{\"action\":\"show_text\",\"contents\":[ {\"translate\":\"mech.manual.quarry.title\"}]},\"clickEvent\":{\"action\":\"change_page\",\"value\":41}}]},{\"translate\":\"offset.-8\",\"font\":\"space:default\",\"with\":[ {\"text\":\"\uee11\",\"font\":\"mechanization:manual\"}]},{\"text\":\"\n   \"},{\"translate\":\"offset.-1\",\"font\":\"space:default\",\"with\":[ {\"text\":\"\uee14\",\"font\":\"mechanization:manual\",\"hoverEvent\":{\"action\":\"show_text\",\"contents\":[ {\"translate\":\"mech.manual.tier_2_liquid_tank.title\"}]},\"clickEvent\":{\"action\":\"change_page\",\"value\":15}}]},{\"translate\":\"offset.-2\",\"font\":\"space:default\",\"with\":[ {\"text\":\"\uee14\",\"font\":\"mechanization:manual\",\"hoverEvent\":{\"action\":\"show_text\",\"contents\":[ {\"translate\":\"mech.manual.block_breaker.title\"}]},\"clickEvent\":{\"action\":\"change_page\",\"value\":31}}]},{\"translate\":\"offset.-3\",\"font\":\"space:default\",\"with\":[ {\"text\":\"\uee14\",\"font\":\"mechanization:manual\",\"hoverEvent\":{\"action\":\"show_text\",\"contents\":[ {\"translate\":\"mech.manual.solar_panel.title\"}]},\"clickEvent\":{\"action\":\"change_page\",\"value\":35}}]},{\"translate\":\"offset.-4\",\"font\":\"space:default\",\"with\":[ {\"text\":\"\uee14\",\"font\":\"mechanization:manual\",\"hoverEvent\":{\"action\":\"show_text\",\"contents\":[ {\"translate\":\"mech.manual.bio_generator.title\"}]},\"clickEvent\":{\"action\":\"change_page\",\"value\":37}}]},{\"translate\":\"offset.-5\",\"font\":\"space:default\",\"with\":[ {\"text\":\"\uee14\",\"font\":\"mechanization:manual\",\"hoverEvent\":{\"action\":\"show_text\",\"contents\":[ {\"translate\":\"mech.manual.quarry.title\"}]},\"clickEvent\":{\"action\":\"change_page\",\"value\":41}}]},{\"text\":\"\n  \"},{\"text\":\"\uee10\"},{\"translate\":\"offset.-1\",\"font\":\"space:default\",\"with\":[ {\"text\":\"\uee8c\",\"font\":\"mechanization:manual\",\"hoverEvent\":{\"action\":\"show_text\",\"contents\":[ {\"translate\":\"mech.manual.tier_3_liquid_tank.title\"}]},\"clickEvent\":{\"action\":\"change_page\",\"value\":16}}]},{\"translate\":\"offset.-2\",\"font\":\"space:default\",\"with\":[ {\"text\":\"\uee8b\",\"font\":\"mechanization:manual\",\"hoverEvent\":{\"action\":\"show_text\",\"contents\":[ {\"translate\":\"mech.manual.auto_farm.title\"}]},\"clickEvent\":{\"action\":\"change_page\",\"value\":43}}]},{\"translate\":\"offset.-3\",\"font\":\"space:default\",\"with\":[ {\"text\":\"\uee8d\",\"font\":\"mechanization:manual\",\"hoverEvent\":{\"action\":\"show_text\",\"contents\":[ {\"translate\":\"mech.manual.auto_fisher.title\"}]},\"clickEvent\":{\"action\":\"change_page\",\"value\":45}}]},{\"translate\":\"offset.-4\",\"font\":\"space:default\",\"with\":[ {\"text\":\"\uee8e\",\"font\":\"mechanization:manual\",\"hoverEvent\":{\"action\":\"show_text\",\"contents\":[ {\"translate\":\"mech.manual.item_reformer.title\"}]},\"clickEvent\":{\"action\":\"change_page\",\"value\":47}}]},{\"translate\":\"offset.-5\",\"font\":\"space:default\",\"with\":[ {\"text\":\"\uee8f\",\"font\":\"mechanization:manual\",\"hoverEvent\":{\"action\":\"show_text\",\"contents\":[ {\"translate\":\"mech.manual.mob_grinder.title\"}]},\"clickEvent\":{\"action\":\"change_page\",\"value\":49}}]},{\"translate\":\"offset.-8\",\"font\":\"space:default\",\"with\":[ {\"text\":\"\uee11\",\"font\":\"mechanization:manual\"}]},{\"text\":\"\n   \"},{\"translate\":\"offset.-1\",\"font\":\"space:default\",\"with\":[ {\"text\":\"\uee14\",\"font\":\"mechanization:manual\",\"hoverEvent\":{\"action\":\"show_text\",\"contents\":[ {\"translate\":\"mech.manual.tier_3_liquid_tank.title\"}]},\"clickEvent\":{\"action\":\"change_page\",\"value\":16}}]},{\"translate\":\"offset.-2\",\"font\":\"space:default\",\"with\":[ {\"text\":\"\uee14\",\"font\":\"mechanization:manual\",\"hoverEvent\":{\"action\":\"show_text\",\"contents\":[ {\"translate\":\"mech.manual.auto_farm.title\"}]},\"clickEvent\":{\"action\":\"change_page\",\"value\":43}}]},{\"translate\":\"offset.-3\",\"font\":\"space:default\",\"with\":[ {\"text\":\"\uee14\",\"font\":\"mechanization:manual\",\"hoverEvent\":{\"action\":\"show_text\",\"contents\":[ {\"translate\":\"mech.manual.auto_fisher.title\"}]},\"clickEvent\":{\"action\":\"change_page\",\"value\":45}}]},{\"translate\":\"offset.-4\",\"font\":\"space:default\",\"with\":[ {\"text\":\"\uee14\",\"font\":\"mechanization:manual\",\"hoverEvent\":{\"action\":\"show_text\",\"contents\":[ {\"translate\":\"mech.manual.item_reformer.title\"}]},\"clickEvent\":{\"action\":\"change_page\",\"value\":47}}]},{\"translate\":\"offset.-5\",\"font\":\"space:default\",\"with\":[ {\"text\":\"\uee14\",\"font\":\"mechanization:manual\",\"hoverEvent\":{\"action\":\"show_text\",\"contents\":[ {\"translate\":\"mech.manual.mob_grinder.title\"}]},\"clickEvent\":{\"action\":\"change_page\",\"value\":49}}]},{\"text\":\"\n  \"},{\"text\":\"\uee13\"}]','[{\"text\":\"\",\"font\":\"mechanization:manual\",\"color\":\"white\"},{\"text\":\"\uee05\"},{\"translate\":\"mech.manual.machines_section\",\"color\":\"dark_aqua\"},{\"text\":\"\n  \"},{\"text\":\"\uee12\"},{\"text\":\"\n\"},{\"text\":\"  \"},{\"text\":\"\uee10\"},{\"translate\":\"offset.-1\",\"font\":\"space:default\",\"with\":[ {\"text\":\"\uee90\",\"font\":\"mechanization:manual\",\"hoverEvent\":{\"action\":\"show_text\",\"contents\":[ {\"translate\":\"mech.manual.electric_lamp.title\"}]},\"clickEvent\":{\"action\":\"change_page\",\"value\":51}}]},{\"translate\":\"offset.-2\",\"font\":\"space:default\",\"with\":[ {\"text\":\"\uee91\",\"font\":\"mechanization:manual\",\"hoverEvent\":{\"action\":\"show_text\",\"contents\":[ {\"translate\":\"mech.manual.super_piston.title\"}]},\"clickEvent\":{\"action\":\"change_page\",\"value\":52}}]},{\"translate\":\"offset.-3\",\"font\":\"space:default\",\"with\":[ {\"text\":\"\uee92\",\"font\":\"mechanization:manual\",\"hoverEvent\":{\"action\":\"show_text\",\"contents\":[ {\"translate\":\"mech.manual.super_sticky_piston.title\"}]},\"clickEvent\":{\"action\":\"change_page\",\"value\":53}}]},{\"translate\":\"offset.-4\",\"font\":\"space:default\",\"with\":[ {\"text\":\"\uee93\",\"font\":\"mechanization:manual\",\"hoverEvent\":{\"action\":\"show_text\",\"contents\":[ {\"translate\":\"mech.manual.turn_table.title\"}]},\"clickEvent\":{\"action\":\"change_page\",\"value\":54}}]},{\"translate\":\"offset.-5\",\"font\":\"space:default\",\"with\":[ {\"text\":\"\uee94\",\"font\":\"mechanization:manual\",\"hoverEvent\":{\"action\":\"show_text\",\"contents\":[ {\"translate\":\"mech.manual.dimensional_generator.title\"}]},\"clickEvent\":{\"action\":\"change_page\",\"value\":55}}]},{\"translate\":\"offset.-8\",\"font\":\"space:default\",\"with\":[ {\"text\":\"\uee11\",\"font\":\"mechanization:manual\"}]},{\"text\":\"\n   \"},{\"translate\":\"offset.-1\",\"font\":\"space:default\",\"with\":[ {\"text\":\"\uee14\",\"font\":\"mechanization:manual\",\"hoverEvent\":{\"action\":\"show_text\",\"contents\":[ {\"translate\":\"mech.manual.electric_lamp.title\"}]},\"clickEvent\":{\"action\":\"change_page\",\"value\":51}}]},{\"translate\":\"offset.-2\",\"font\":\"space:default\",\"with\":[ {\"text\":\"\uee14\",\"font\":\"mechanization:manual\",\"hoverEvent\":{\"action\":\"show_text\",\"contents\":[ {\"translate\":\"mech.manual.super_piston.title\"}]},\"clickEvent\":{\"action\":\"change_page\",\"value\":52}}]},{\"translate\":\"offset.-3\",\"font\":\"space:default\",\"with\":[ {\"text\":\"\uee14\",\"font\":\"mechanization:manual\",\"hoverEvent\":{\"action\":\"show_text\",\"contents\":[ {\"translate\":\"mech.manual.super_sticky_piston.title\"}]},\"clickEvent\":{\"action\":\"change_page\",\"value\":53}}]},{\"translate\":\"offset.-4\",\"font\":\"space:default\",\"with\":[ {\"text\":\"\uee14\",\"font\":\"mechanization:manual\",\"hoverEvent\":{\"action\":\"show_text\",\"contents\":[ {\"translate\":\"mech.manual.turn_table.title\"}]},\"clickEvent\":{\"action\":\"change_page\",\"value\":54}}]},{\"translate\":\"offset.-5\",\"font\":\"space:default\",\"with\":[ {\"text\":\"\uee14\",\"font\":\"mechanization:manual\",\"hoverEvent\":{\"action\":\"show_text\",\"contents\":[ {\"translate\":\"mech.manual.dimensional_generator.title\"}]},\"clickEvent\":{\"action\":\"change_page\",\"value\":55}}]},{\"text\":\"\n  \"},{\"text\":\"\uee10\"},{\"translate\":\"offset.-1\",\"font\":\"space:default\",\"with\":[ {\"text\":\"\uee95\",\"font\":\"mechanization:manual\",\"hoverEvent\":{\"action\":\"show_text\",\"contents\":[ {\"translate\":\"mech.manual.lightning_generator.title\"}]},\"clickEvent\":{\"action\":\"change_page\",\"value\":60}}]},{\"translate\":\"offset.-2\",\"font\":\"space:default\",\"with\":[ {\"text\":\"\uee96\",\"font\":\"mechanization:manual\",\"hoverEvent\":{\"action\":\"show_text\",\"contents\":[ {\"translate\":\"mech.manual.teleporter.title\"}]},\"clickEvent\":{\"action\":\"change_page\",\"value\":62}}]},{\"translate\":\"offset.-3\",\"font\":\"space:default\",\"with\":[ {\"text\":\"\uee97\",\"font\":\"mechanization:manual\",\"hoverEvent\":{\"action\":\"show_text\",\"contents\":[ {\"translate\":\"mech.manual.enchanting_station.title\"}]},\"clickEvent\":{\"action\":\"change_page\",\"value\":64}}]},{\"translate\":\"offset.-4\",\"font\":\"space:default\",\"with\":[ {\"text\":\"\uee98\",\"font\":\"mechanization:manual\",\"hoverEvent\":{\"action\":\"show_text\",\"contents\":[ {\"translate\":\"mech.manual.spawner_controller.title\"}]},\"clickEvent\":{\"action\":\"change_page\",\"value\":66}}]},{\"translate\":\"offset.-5\",\"font\":\"space:default\",\"with\":[ {\"text\":\"\uee99\",\"font\":\"mechanization:manual\",\"hoverEvent\":{\"action\":\"show_text\",\"contents\":[ {\"translate\":\"mech.manual.spawner_mover.title\"}]},\"clickEvent\":{\"action\":\"change_page\",\"value\":68}}]},{\"translate\":\"offset.-8\",\"font\":\"space:default\",\"with\":[ {\"text\":\"\uee11\",\"font\":\"mechanization:manual\"}]},{\"text\":\"\n   \"},{\"translate\":\"offset.-1\",\"font\":\"space:default\",\"with\":[ {\"text\":\"\uee14\",\"font\":\"mechanization:manual\",\"hoverEvent\":{\"action\":\"show_text\",\"contents\":[ {\"translate\":\"mech.manual.lightning_generator.title\"}]},\"clickEvent\":{\"action\":\"change_page\",\"value\":60}}]},{\"translate\":\"offset.-2\",\"font\":\"space:default\",\"with\":[ {\"text\":\"\uee14\",\"font\":\"mechanization:manual\",\"hoverEvent\":{\"action\":\"show_text\",\"contents\":[ {\"translate\":\"mech.manual.teleporter.title\"}]},\"clickEvent\":{\"action\":\"change_page\",\"value\":62}}]},{\"translate\":\"offset.-3\",\"font\":\"space:default\",\"with\":[ {\"text\":\"\uee14\",\"font\":\"mechanization:manual\",\"hoverEvent\":{\"action\":\"show_text\",\"contents\":[ {\"translate\":\"mech.manual.enchanting_station.title\"}]},\"clickEvent\":{\"action\":\"change_page\",\"value\":64}}]},{\"translate\":\"offset.-4\",\"font\":\"space:default\",\"with\":[ {\"text\":\"\uee14\",\"font\":\"mechanization:manual\",\"hoverEvent\":{\"action\":\"show_text\",\"contents\":[ {\"translate\":\"mech.manual.spawner_controller.title\"}]},\"clickEvent\":{\"action\":\"change_page\",\"value\":66}}]},{\"translate\":\"offset.-5\",\"font\":\"space:default\",\"with\":[ {\"text\":\"\uee14\",\"font\":\"mechanization:manual\",\"hoverEvent\":{\"action\":\"show_text\",\"contents\":[ {\"translate\":\"mech.manual.spawner_mover.title\"}]},\"clickEvent\":{\"action\":\"change_page\",\"value\":68}}]},{\"text\":\"\n  \"},{\"text\":\"\uee13\"}]','[{\"text\":\"\",\"bold\":false,\"font\":\"mechanization:manual\",\"color\":\"black\"},{\"translate\":\"mech.manual.progression.title\",\"color\":\"dark_aqua\"},{\"text\":\"\n\"},{\"translate\":\"mech.manual.progression.body1\"}]','[{\"text\":\"\",\"bold\":false,\"font\":\"mechanization:manual\",\"color\":\"black\"},{\"translate\":\"mech.manual.progression.body2\"}]','[{\"text\":\"\",\"bold\":false,\"font\":\"mechanization:manual\",\"color\":\"white\"},{\"text\":\"\uee03\",\"hoverEvent\":{\"action\":\"show_text\",\"contents\":[ {\"translate\":\"mech.manual.recipe\"},{\"text\":\"\uee9b\",\"font\":\"mechanization:manual\"},{\"translate\":\"offset.-2\",\"font\":\"space:default\",\"with\":[ {\"text\":\"\uee9c\",\"font\":\"mechanization:manual\"}]},{\"text\":\"\n\n\n\n\n\n\"},{\"text\":\"\n x4 \"},{\"translate\":\"block.minecraft.terracotta\"},{\"text\":\"\n x2 \"},{\"translate\":\"mech.gear.copper\"},{\"text\":\"\n x1 \"},{\"translate\":\"item.minecraft.bucket\"},{\"text\":\"\n x1 \"},{\"translate\":\"block.minecraft.furnace\"},{\"text\":\"\n x1 \"},{\"translate\":\"mech.resource.machine_frame_tier_1\"}]},\"clickEvent\":{\"action\":\"run_command\",\"value\":\"/trigger mechanization.manual set 2001\"}},{\"translate\":\"offset.-105\",\"font\":\"space:default\",\"with\":[ {\"text\":\"\uee9a\",\"font\":\"mechanization:manual\"}]},{\"translate\":\"offset.47\",\"font\":\"space:default\",\"with\":[ {\"text\":\"\uee04\",\"font\":\"mechanization:manual\"}]},{\"text\":\"\n\"},{\"translate\":\"mech.manual.steam_generator.body\",\"color\":\"black\"},{\"text\":\"           \"},{\"text\":\"\uee0e\",\"clickEvent\":{\"action\":\"change_page\",\"value\":2}}]','[{\"text\":\"\",\"bold\":false,\"underlined\":false,\"font\":\"mechanization:manual\",\"color\":\"black\"},{\"translate\":\"mech.manual.upgrades_page\",\"underlined\":true},{\"translate\":\"mech.item.machine_upgrade\",\"bold\":true,\"color\":\"gray\"},{\"text\":\":\n\",\"color\":\"gray\"},{\"translate\":\"mech.manual.steam_generator.machine_upgrade\"},{\"translate\":\"mech.item.ender_upgrade\",\"bold\":true,\"color\":\"dark_purple\"},{\"text\":\":\n\",\"color\":\"dark_purple\"},{\"translate\":\"mech.manual.steam_generator.ender_upgrade\"},{\"translate\":\"mech.item.nether_upgrade\",\"bold\":true,\"color\":\"dark_red\"},{\"text\":\":\n\",\"color\":\"dark_red\"},{\"translate\":\"mech.manual.steam_generator.nether_upgrade\"}]','[{\"text\":\"\",\"bold\":false,\"font\":\"mechanization:manual\",\"color\":\"white\"},{\"text\":\"\uee03\",\"hoverEvent\":{\"action\":\"show_text\",\"contents\":[ {\"translate\":\"mech.manual.recipe\"},{\"text\":\"\uee9e\",\"font\":\"mechanization:manual\"},{\"translate\":\"offset.-2\",\"font\":\"space:default\",\"with\":[ {\"text\":\"\uee9f\",\"font\":\"mechanization:manual\"}]},{\"text\":\"\n\n\n\n\n\n\"},{\"text\":\"\n x4 \"},{\"translate\":\"block.minecraft.bricks\"},{\"text\":\"\n x2 \"},{\"translate\":\"mech.plate.copper\"},{\"text\":\"\n x1 \"},{\"translate\":\"block.minecraft.redstone_block\"},{\"text\":\"\n x1 \"},{\"translate\":\"block.minecraft.blast_furnace\"},{\"text\":\"\n x1 \"},{\"translate\":\"mech.resource.machine_frame_tier_1\"}]},\"clickEvent\":{\"action\":\"run_command\",\"value\":\"/trigger mechanization.manual set 2000\"}},{\"translate\":\"offset.-105\",\"font\":\"space:default\",\"with\":[ {\"text\":\"\uee9d\",\"font\":\"mechanization:manual\"}]},{\"translate\":\"offset.47\",\"font\":\"space:default\",\"with\":[ {\"text\":\"\uee04\",\"font\":\"mechanization:manual\"}]},{\"text\":\"\n\"},{\"translate\":\"mech.manual.alloy_furnace.body\",\"color\":\"black\"},{\"text\":\"           \"},{\"text\":\"\uee0e\",\"clickEvent\":{\"action\":\"change_page\",\"value\":2}}]','[{\"text\":\"\",\"bold\":false,\"underlined\":false,\"font\":\"mechanization:manual\",\"color\":\"black\"},{\"translate\":\"mech.manual.upgrades_page\",\"underlined\":true},{\"translate\":\"mech.item.machine_upgrade\",\"bold\":true,\"color\":\"gray\"},{\"text\":\":\n\",\"color\":\"gray\"},{\"translate\":\"mech.manual.alloy_furnace.machine_upgrade\"},{\"translate\":\"mech.item.ender_upgrade\",\"bold\":true,\"color\":\"dark_purple\"},{\"text\":\":\n\",\"color\":\"dark_purple\"},{\"translate\":\"mech.manual.alloy_furnace.ender_upgrade\"},{\"translate\":\"mech.item.nether_upgrade\",\"bold\":true,\"color\":\"dark_red\"},{\"text\":\":\n\",\"color\":\"dark_red\"},{\"translate\":\"mech.manual.alloy_furnace.nether_upgrade\"}]','[{\"text\":\"\ueea1\",\"font\":\"mechanization:manual\",\"color\":\"white\"},{\"text\":\"\n\"},{\"translate\":\"offset.10\",\"font\":\"space:default\",\"with\":[ {\"text\":\"\ueea2\",\"font\":\"mechanization:manual\"}]},{\"translate\":\"offset.71\",\"font\":\"space:default\",\"with\":[ {\"text\":\"\uee9d\",\"font\":\"mechanization:manual\",\"hoverEvent\":{\"action\":\"show_text\",\"contents\":[ {\"translate\":\"mech.manual.recipe\"},{\"text\":\"\ueea3\",\"font\":\"mechanization:manual\"},{\"translate\":\"offset.-2\",\"font\":\"space:default\",\"with\":[ {\"text\":\"\ueea4\",\"font\":\"mechanization:manual\"}]},{\"text\":\"\n\n\n\n\n\n\"},{\"text\":\"\n x2 \"},{\"translate\":\"item.minecraft.flint\"},{\"text\":\"\n x4 \"},{\"translate\":\"mech.liquid.molten_coal\"},{\"text\":\"\n x2 \"},{\"translate\":\"mech.liquid.molten_iron\"}]},\"clickEvent\":{\"action\":\"run_command\",\"value\":\"/trigger mechanization.manual set 1330\"}}]},{\"text\":\"\n\n\n\n\"},{\"translate\":\"offset.10\",\"font\":\"space:default\",\"with\":[ {\"text\":\"\ueea5\",\"font\":\"mechanization:manual\"}]},{\"translate\":\"offset.71\",\"font\":\"space:default\",\"with\":[ {\"text\":\"\uee9d\",\"font\":\"mechanization:manual\",\"hoverEvent\":{\"action\":\"show_text\",\"contents\":[ {\"translate\":\"mech.manual.recipe\"},{\"text\":\"\ueea6\",\"font\":\"mechanization:manual\"},{\"translate\":\"offset.-2\",\"font\":\"space:default\",\"with\":[ {\"text\":\"\ueea7\",\"font\":\"mechanization:manual\"}]},{\"text\":\"\n\n\n\n\n\n\"},{\"text\":\"\n x4 \"},{\"translate\":\"item.minecraft.lapis_lazuli\"},{\"text\":\"\n x2 \"},{\"translate\":\"mech.liquid.molten_tin\"},{\"text\":\"\n x4 \"},{\"translate\":\"mech.liquid.molten_quartz\"}]},\"clickEvent\":{\"action\":\"run_command\",\"value\":\"/trigger mechanization.manual set 1340\"}}]},{\"text\":\"\n\n\n\n\"},{\"translate\":\"offset.10\",\"font\":\"space:default\",\"with\":[ {\"text\":\"\ueea8\",\"font\":\"mechanization:manual\"}]},{\"translate\":\"offset.71\",\"font\":\"space:default\",\"with\":[ {\"text\":\"\uee9d\",\"font\":\"mechanization:manual\",\"hoverEvent\":{\"action\":\"show_text\",\"contents\":[ {\"translate\":\"mech.manual.recipe\"},{\"text\":\"\ueea9\",\"font\":\"mechanization:manual\"},{\"translate\":\"offset.-2\",\"font\":\"space:default\",\"with\":[ {\"text\":\"\ueeaa\",\"font\":\"mechanization:manual\"}]},{\"text\":\"\n\n\n\n\n\n\"},{\"text\":\"\n x16 \"},{\"translate\":\"item.minecraft.redstone\"},{\"text\":\"\n x4 \"},{\"translate\":\"mech.liquid.molten_copper\"},{\"text\":\"\n x2 \"},{\"translate\":\"mech.liquid.molten_gold\"}]},\"clickEvent\":{\"action\":\"run_command\",\"value\":\"/trigger mechanization.manual set 1350\"}}]},{\"text\":\"\n\n\n\n\"},{\"translate\":\"offset.10\",\"font\":\"space:default\",\"with\":[ {\"text\":\"\ueeab\",\"font\":\"mechanization:manual\"}]},{\"translate\":\"offset.71\",\"font\":\"space:default\",\"with\":[ {\"text\":\"\uee9d\",\"font\":\"mechanization:manual\",\"hoverEvent\":{\"action\":\"show_text\",\"contents\":[ {\"translate\":\"mech.manual.recipe\"},{\"text\":\"\ueeac\",\"font\":\"mechanization:manual\"},{\"translate\":\"offset.-2\",\"font\":\"space:default\",\"with\":[ {\"text\":\"\ueead\",\"font\":\"mechanization:manual\"}]},{\"text\":\"\n\n\n\n\n\n\"},{\"text\":\"\n x2 \"},{\"translate\":\"item.minecraft.amethyst_shard\"},{\"text\":\"\n x2 \"},{\"translate\":\"mech.liquid.molten_diamond\"},{\"text\":\"\n x2 \"},{\"translate\":\"mech.liquid.molten_emerald\"}]},\"clickEvent\":{\"action\":\"run_command\",\"value\":\"/trigger mechanization.manual set 1410\"}}]},{\"text\":\"\n\n\n\n\"}]','[{\"text\":\"\ueea0\",\"font\":\"mechanization:manual\",\"color\":\"white\"},{\"text\":\"\n\"},{\"translate\":\"offset.10\",\"font\":\"space:default\",\"with\":[ {\"text\":\"\ueeae\",\"font\":\"mechanization:manual\"}]},{\"translate\":\"offset.71\",\"font\":\"space:default\",\"with\":[ {\"text\":\"\uee9d\",\"font\":\"mechanization:manual\",\"hoverEvent\":{\"action\":\"show_text\",\"contents\":[ {\"translate\":\"mech.manual.recipe\"},{\"text\":\"\ueeaf\",\"font\":\"mechanization:manual\"},{\"translate\":\"offset.-2\",\"font\":\"space:default\",\"with\":[ {\"text\":\"\ueeb0\",\"font\":\"mechanization:manual\"}]},{\"text\":\"\n\n\n\n\n\n\"},{\"text\":\"\n x4 \"},{\"translate\":\"item.minecraft.blaze_rod\"},{\"text\":\"\n x1 \"},{\"translate\":\"mech.liquid.molten_titanium\"},{\"text\":\"\n x2 \"},{\"translate\":\"mech.liquid.molten_steel\"}]},\"clickEvent\":{\"action\":\"run_command\",\"value\":\"/trigger mechanization.manual set 1360\"}}]},{\"text\":\"\n\n\n\n\"},{\"translate\":\"offset.10\",\"font\":\"space:default\",\"with\":[ {\"text\":\"\ueeb1\",\"font\":\"mechanization:manual\"}]},{\"translate\":\"offset.71\",\"font\":\"space:default\",\"with\":[ {\"text\":\"\uee9d\",\"font\":\"mechanization:manual\",\"hoverEvent\":{\"action\":\"show_text\",\"contents\":[ {\"translate\":\"mech.manual.recipe\"},{\"text\":\"\ueeb2\",\"font\":\"mechanization:manual\"},{\"translate\":\"offset.-2\",\"font\":\"space:default\",\"with\":[ {\"text\":\"\ueeb3\",\"font\":\"mechanization:manual\"}]},{\"text\":\"\n\n\n\n\n\n\"},{\"text\":\"\n x4 \"},{\"translate\":\"item.minecraft.prismarine_crystals\"},{\"text\":\"\n x1 \"},{\"translate\":\"mech.liquid.molten_titanium\"},{\"text\":\"\n x2 \"},{\"translate\":\"mech.liquid.molten_structural_alloy\"}]},\"clickEvent\":{\"action\":\"run_command\",\"value\":\"/trigger mechanization.manual set 1370\"}}]},{\"text\":\"\n\n\n\n\"},{\"translate\":\"offset.10\",\"font\":\"space:default\",\"with\":[ {\"text\":\"\ueeb4\",\"font\":\"mechanization:manual\"}]},{\"translate\":\"offset.71\",\"font\":\"space:default\",\"with\":[ {\"text\":\"\uee9d\",\"font\":\"mechanization:manual\",\"hoverEvent\":{\"action\":\"show_text\",\"contents\":[ {\"translate\":\"mech.manual.recipe\"},{\"text\":\"\ueeb5\",\"font\":\"mechanization:manual\"},{\"translate\":\"offset.-2\",\"font\":\"space:default\",\"with\":[ {\"text\":\"\ueeb6\",\"font\":\"mechanization:manual\"}]},{\"text\":\"\n\n\n\n\n\n\"},{\"text\":\"\n x4 \"},{\"translate\":\"item.minecraft.ender_pearl\"},{\"text\":\"\n x1 \"},{\"translate\":\"mech.liquid.molten_titanium\"},{\"text\":\"\n x2 \"},{\"translate\":\"mech.liquid.molten_conductive_alloy\"}]},\"clickEvent\":{\"action\":\"run_command\",\"value\":\"/trigger mechanization.manual set 1380\"}}]},{\"text\":\"\n\n\n\n\"}]','[{\"text\":\"\ueea0\",\"font\":\"mechanization:manual\",\"color\":\"white\"},{\"text\":\"\n\"},{\"translate\":\"offset.10\",\"font\":\"space:default\",\"with\":[ {\"text\":\"\ueeb7\",\"font\":\"mechanization:manual\"}]},{\"translate\":\"offset.71\",\"font\":\"space:default\",\"with\":[ {\"text\":\"\uee9d\",\"font\":\"mechanization:manual\",\"hoverEvent\":{\"action\":\"show_text\",\"contents\":[ {\"translate\":\"mech.manual.recipe\"},{\"text\":\"\ueeb8\",\"font\":\"mechanization:manual\"},{\"translate\":\"offset.-2\",\"font\":\"space:default\",\"with\":[ {\"text\":\"\ueeb9\",\"font\":\"mechanization:manual\"}]},{\"text\":\"\n\n\n\n\n\n\"},{\"text\":\"\n x32 \"},{\"translate\":\"item.minecraft.dragon_breath\"},{\"text\":\"\n x32 \"},{\"translate\":\"item.minecraft.chorus_fruit\"},{\"text\":\"\n x4 \"},{\"translate\":\"mech.liquid.molten_titanium\"}]},\"clickEvent\":{\"action\":\"run_command\",\"value\":\"/trigger mechanization.manual set 1390\"}}]},{\"text\":\"\n\n\n\n\"},{\"translate\":\"offset.10\",\"font\":\"space:default\",\"with\":[ {\"text\":\"\ueeba\",\"font\":\"mechanization:manual\"}]},{\"translate\":\"offset.71\",\"font\":\"space:default\",\"with\":[ {\"text\":\"\uee9d\",\"font\":\"mechanization:manual\",\"hoverEvent\":{\"action\":\"show_text\",\"contents\":[ {\"translate\":\"mech.manual.recipe\"},{\"text\":\"\ueebb\",\"font\":\"mechanization:manual\"},{\"translate\":\"offset.-2\",\"font\":\"space:default\",\"with\":[ {\"text\":\"\ueebc\",\"font\":\"mechanization:manual\"}]},{\"text\":\"\n\n\n\n\n\n\"},{\"text\":\"\n x1 \"},{\"translate\":\"item.minecraft.nether_star\"},{\"text\":\"\n x4 \"},{\"translate\":\"mech.liquid.molten_titanium\"},{\"text\":\"\n x4 \"},{\"translate\":\"block.minecraft.lava\"}]},\"clickEvent\":{\"action\":\"run_command\",\"value\":\"/trigger mechanization.manual set 1400\"}}]},{\"text\":\"\n\n\n\n\"},{\"translate\":\"offset.10\",\"font\":\"space:default\",\"with\":[ {\"text\":\"\ueebe\",\"font\":\"mechanization:manual\"}]},{\"translate\":\"offset.71\",\"font\":\"space:default\",\"with\":[ {\"text\":\"\uee9d\",\"font\":\"mechanization:manual\",\"hoverEvent\":{\"action\":\"show_text\",\"contents\":[ {\"translate\":\"mech.manual.recipe\"},{\"text\":\"\ueebf\",\"font\":\"mechanization:manual\"},{\"translate\":\"offset.-2\",\"font\":\"space:default\",\"with\":[ {\"text\":\"\ueec0\",\"font\":\"mechanization:manual\"}]},{\"text\":\"\n\n\n\n\n\n\"},{\"text\":\"\n x4 \"},{\"translate\":\"item.minecraft.netherite_scrap\"},{\"text\":\"\n x4 \"},{\"translate\":\"mech.liquid.molten_gold\"}]},\"clickEvent\":{\"action\":\"run_command\",\"value\":\"/trigger mechanization.manual set 100\"}}]},{\"text\":\"\n\n\n\n\"}]','[{\"text\":\"\",\"bold\":false,\"font\":\"mechanization:manual\",\"color\":\"white\"},{\"text\":\"\uee03\",\"hoverEvent\":{\"action\":\"show_text\",\"contents\":[ {\"translate\":\"mech.manual.recipe\"},{\"text\":\"\ueec2\",\"font\":\"mechanization:manual\"},{\"translate\":\"offset.-2\",\"font\":\"space:default\",\"with\":[ {\"text\":\"\ueec3\",\"font\":\"mechanization:manual\"}]},{\"text\":\"\n\n\n\n\n\n\"},{\"text\":\"\n x2 \"},{\"translate\":\"mech.plate.copper\"},{\"text\":\"\n x1 \"},{\"translate\":\"mech.gear.iron\"}]},\"clickEvent\":{\"action\":\"run_command\",\"value\":\"/trigger mechanization.manual set 2026\"}},{\"translate\":\"offset.-105\",\"font\":\"space:default\",\"with\":[ {\"text\":\"\ueec1\",\"font\":\"mechanization:manual\"}]},{\"translate\":\"offset.47\",\"font\":\"space:default\",\"with\":[ {\"text\":\"\uee04\",\"font\":\"mechanization:manual\"}]},{\"text\":\"\n\"},{\"translate\":\"mech.manual.liquid_pipe.body\",\"color\":\"black\"},{\"text\":\"           \"},{\"text\":\"\uee0e\",\"clickEvent\":{\"action\":\"change_page\",\"value\":2}}]','[{\"text\":\"\",\"bold\":false,\"font\":\"mechanization:manual\",\"color\":\"white\"},{\"text\":\"\uee03\",\"hoverEvent\":{\"action\":\"show_text\",\"contents\":[ {\"translate\":\"mech.manual.recipe\"},{\"text\":\"\ueec5\",\"font\":\"mechanization:manual\"},{\"translate\":\"offset.-2\",\"font\":\"space:default\",\"with\":[ {\"text\":\"\ueec6\",\"font\":\"mechanization:manual\"}]},{\"text\":\"\n\n\n\n\n\n\"},{\"text\":\"\n x4 \"},{\"translate\":\"block.minecraft.oak_log\"},{\"text\":\"\n x2 \"},{\"translate\":\"block.minecraft.glass\"},{\"text\":\"\n x2 \"},{\"translate\":\"mech.plate.iron\"},{\"text\":\"\n x1 \"},{\"translate\":\"mech.resource.machine_frame_tier_1\"}]},\"clickEvent\":{\"action\":\"run_command\",\"value\":\"/trigger mechanization.manual set 2023\"}},{\"translate\":\"offset.-105\",\"font\":\"space:default\",\"with\":[ {\"text\":\"\ueec4\",\"font\":\"mechanization:manual\"}]},{\"translate\":\"offset.47\",\"font\":\"space:default\",\"with\":[ {\"text\":\"\uee04\",\"font\":\"mechanization:manual\"}]},{\"text\":\"\n\"},{\"translate\":\"mech.manual.tier_1_liquid_tank.body\",\"color\":\"black\"},{\"text\":\"           \"},{\"text\":\"\uee0e\",\"clickEvent\":{\"action\":\"change_page\",\"value\":2}}]','[{\"text\":\"\",\"bold\":false,\"font\":\"mechanization:manual\",\"color\":\"white\"},{\"text\":\"\uee03\",\"hoverEvent\":{\"action\":\"show_text\",\"contents\":[ {\"translate\":\"mech.manual.recipe\"},{\"text\":\"\ueec8\",\"font\":\"mechanization:manual\"},{\"translate\":\"offset.-2\",\"font\":\"space:default\",\"with\":[ {\"text\":\"\ueec9\",\"font\":\"mechanization:manual\"}]},{\"text\":\"\n\n\n\n\n\n\"},{\"text\":\"\n x4 \"},{\"translate\":\"block.minecraft.nether_bricks\"},{\"text\":\"\n x2 \"},{\"translate\":\"block.minecraft.red_stained_glass\"},{\"text\":\"\n x2 \"},{\"translate\":\"mech.plate.steel\"},{\"text\":\"\n x1 \"},{\"translate\":\"mech.resource.machine_frame_tier_2\"}]},\"clickEvent\":{\"action\":\"run_command\",\"value\":\"/trigger mechanization.manual set 2024\"}},{\"translate\":\"offset.-105\",\"font\":\"space:default\",\"with\":[ {\"text\":\"\ueec7\",\"font\":\"mechanization:manual\"}]},{\"translate\":\"offset.47\",\"font\":\"space:default\",\"with\":[ {\"text\":\"\uee04\",\"font\":\"mechanization:manual\"}]},{\"text\":\"\n\"},{\"translate\":\"mech.manual.tier_2_liquid_tank.body\",\"color\":\"black\"},{\"text\":\"           \"},{\"text\":\"\uee0e\",\"clickEvent\":{\"action\":\"change_page\",\"value\":2}}]','[{\"text\":\"\",\"bold\":false,\"font\":\"mechanization:manual\",\"color\":\"white\"},{\"text\":\"\uee03\",\"hoverEvent\":{\"action\":\"show_text\",\"contents\":[ {\"translate\":\"mech.manual.recipe\"},{\"text\":\"\ueecb\",\"font\":\"mechanization:manual\"},{\"translate\":\"offset.-2\",\"font\":\"space:default\",\"with\":[ {\"text\":\"\ueecc\",\"font\":\"mechanization:manual\"}]},{\"text\":\"\n\n\n\n\n\n\"},{\"text\":\"\n x4 \"},{\"translate\":\"block.minecraft.tinted_glass\"},{\"text\":\"\n x2 \"},{\"translate\":\"mech.plate.titanium_steel\"},{\"text\":\"\n x1 \"},{\"translate\":\"mech.ingot.nether_alloy\"},{\"text\":\"\n x1 \"},{\"translate\":\"mech.ingot.ender_alloy\"},{\"text\":\"\n x1 \"},{\"translate\":\"mech.resource.machine_frame_tier_3\"}]},\"clickEvent\":{\"action\":\"run_command\",\"value\":\"/trigger mechanization.manual set 2025\"}},{\"translate\":\"offset.-105\",\"font\":\"space:default\",\"with\":[ {\"text\":\"\ueeca\",\"font\":\"mechanization:manual\"}]},{\"translate\":\"offset.47\",\"font\":\"space:default\",\"with\":[ {\"text\":\"\uee04\",\"font\":\"mechanization:manual\"}]},{\"text\":\"\n\"},{\"translate\":\"mech.manual.tier_3_liquid_tank.body\",\"color\":\"black\"},{\"text\":\"           \"},{\"text\":\"\uee0e\",\"clickEvent\":{\"action\":\"change_page\",\"value\":2}}]','[{\"text\":\"\",\"bold\":false,\"font\":\"mechanization:manual\",\"color\":\"white\"},{\"text\":\"\uee03\",\"hoverEvent\":{\"action\":\"show_text\",\"contents\":[ {\"translate\":\"mech.manual.recipe\"},{\"text\":\"\ueece\",\"font\":\"mechanization:manual\"},{\"translate\":\"offset.-2\",\"font\":\"space:default\",\"with\":[ {\"text\":\"\ueecf\",\"font\":\"mechanization:manual\"}]},{\"text\":\"\n\n\n\n\n\n\"},{\"text\":\"\n x2 \"},{\"translate\":\"item.minecraft.redstone\"},{\"text\":\"\n x2 \"},{\"translate\":\"item.minecraft.bucket\"},{\"text\":\"\n x2 \"},{\"translate\":\"mech.gear.copper\"},{\"text\":\"\n x2 \"},{\"translate\":\"mech.gear.gold\"},{\"text\":\"\n x1 \"},{\"translate\":\"mech.resource.machine_frame_tier_1\"}]},\"clickEvent\":{\"action\":\"run_command\",\"value\":\"/trigger mechanization.manual set 2030\"}},{\"translate\":\"offset.-105\",\"font\":\"space:default\",\"with\":[ {\"text\":\"\ueecd\",\"font\":\"mechanization:manual\"}]},{\"translate\":\"offset.47\",\"font\":\"space:default\",\"with\":[ {\"text\":\"\uee04\",\"font\":\"mechanization:manual\"}]},{\"text\":\"\n\"},{\"translate\":\"mech.manual.thermoelectric_generator.body\",\"color\":\"black\"},{\"text\":\"           \"},{\"text\":\"\uee0e\",\"clickEvent\":{\"action\":\"change_page\",\"value\":2}}]','[{\"text\":\"\",\"bold\":false,\"underlined\":false,\"font\":\"mechanization:manual\",\"color\":\"black\"},{\"translate\":\"mech.manual.upgrades_page\",\"underlined\":true},{\"translate\":\"mech.item.machine_upgrade\",\"bold\":true,\"color\":\"gray\"},{\"text\":\":\n\",\"color\":\"gray\"},{\"translate\":\"mech.manual.thermoelectric_generator.machine_upgrade\"},{\"translate\":\"mech.item.ender_upgrade\",\"bold\":true,\"color\":\"dark_purple\"},{\"text\":\":\n\",\"color\":\"dark_purple\"},{\"translate\":\"mech.manual.thermoelectric_generator.ender_upgrade\"},{\"translate\":\"mech.item.nether_upgrade\",\"bold\":true,\"color\":\"dark_red\"},{\"text\":\":\n\",\"color\":\"dark_red\"},{\"translate\":\"mech.manual.thermoelectric_generator.nether_upgrade\"}]','[{\"text\":\"\",\"bold\":false,\"font\":\"mechanization:manual\",\"color\":\"black\"},{\"translate\":\"mech.manual.liquid_temps.title\",\"color\":\"dark_aqua\"},{\"text\":\"\n\"},{\"translate\":\"mech.manual.liquid_temps.body\"}]','[{\"text\":\"\",\"bold\":false,\"font\":\"mechanization:manual\",\"color\":\"white\"},{\"text\":\"\uee03\",\"hoverEvent\":{\"action\":\"show_text\",\"contents\":[ {\"translate\":\"mech.manual.recipe\"},{\"text\":\"\ueed1\",\"font\":\"mechanization:manual\"},{\"translate\":\"offset.-2\",\"font\":\"space:default\",\"with\":[ {\"text\":\"\ueed2\",\"font\":\"mechanization:manual\"}]},{\"text\":\"\n\n\n\n\n\n\"},{\"text\":\"\n x4 \"},{\"translate\":\"block.minecraft.magma_block\"},{\"text\":\"\n x2 \"},{\"translate\":\"mech.plate.copper\"},{\"text\":\"\n x1 \"},{\"translate\":\"mech.plate.gold\"},{\"text\":\"\n x1 \"},{\"translate\":\"block.minecraft.blast_furnace\"},{\"text\":\"\n x1 \"},{\"translate\":\"mech.resource.machine_frame_tier_1\"}]},\"clickEvent\":{\"action\":\"run_command\",\"value\":\"/trigger mechanization.manual set 2027\"}},{\"translate\":\"offset.-105\",\"font\":\"space:default\",\"with\":[ {\"text\":\"\ueed0\",\"font\":\"mechanization:manual\"}]},{\"translate\":\"offset.47\",\"font\":\"space:default\",\"with\":[ {\"text\":\"\uee04\",\"font\":\"mechanization:manual\"}]},{\"text\":\"\n\"},{\"translate\":\"mech.manual.arc_furnace.body\",\"color\":\"black\"},{\"text\":\"           \"},{\"text\":\"\uee0e\",\"clickEvent\":{\"action\":\"change_page\",\"value\":2}}]','[{\"text\":\"\",\"bold\":false,\"underlined\":false,\"font\":\"mechanization:manual\",\"color\":\"black\"},{\"translate\":\"mech.manual.upgrades_page\",\"underlined\":true},{\"translate\":\"mech.item.machine_upgrade\",\"bold\":true,\"color\":\"gray\"},{\"text\":\":\n\",\"color\":\"gray\"},{\"translate\":\"mech.manual.arc_furnace.machine_upgrade\"},{\"translate\":\"mech.item.ender_upgrade\",\"bold\":true,\"color\":\"dark_purple\"},{\"text\":\":\n\",\"color\":\"dark_purple\"},{\"translate\":\"mech.manual.arc_furnace.ender_upgrade\"},{\"translate\":\"mech.item.nether_upgrade\",\"bold\":true,\"color\":\"dark_red\"},{\"text\":\":\n\",\"color\":\"dark_red\"},{\"translate\":\"mech.manual.arc_furnace.nether_upgrade\"}]','[{\"text\":\"\",\"bold\":false,\"font\":\"mechanization:manual\",\"color\":\"white\"},{\"text\":\"\uee03\",\"hoverEvent\":{\"action\":\"show_text\",\"contents\":[ {\"translate\":\"mech.manual.recipe\"},{\"text\":\"\ueed4\",\"font\":\"mechanization:manual\"},{\"translate\":\"offset.-2\",\"font\":\"space:default\",\"with\":[ {\"text\":\"\ueed5\",\"font\":\"mechanization:manual\"}]},{\"text\":\"\n\n\n\n\n\n\"},{\"text\":\"\n x4 \"},{\"translate\":\"block.minecraft.smooth_stone\"},{\"text\":\"\n x2 \"},{\"translate\":\"mech.rod.copper\"},{\"text\":\"\n x1 \"},{\"translate\":\"item.minecraft.redstone\"},{\"text\":\"\n x1 \"},{\"translate\":\"block.minecraft.cauldron\"},{\"text\":\"\n x1 \"},{\"translate\":\"mech.resource.machine_frame_tier_1\"}]},\"clickEvent\":{\"action\":\"run_command\",\"value\":\"/trigger mechanization.manual set 2028\"}},{\"translate\":\"offset.-105\",\"font\":\"space:default\",\"with\":[ {\"text\":\"\ueed3\",\"font\":\"mechanization:manual\"}]},{\"translate\":\"offset.47\",\"font\":\"space:default\",\"with\":[ {\"text\":\"\uee04\",\"font\":\"mechanization:manual\"}]},{\"text\":\"\n\"},{\"translate\":\"mech.manual.casting_basin.body\",\"color\":\"black\"},{\"text\":\"           \"},{\"text\":\"\uee0e\",\"clickEvent\":{\"action\":\"change_page\",\"value\":2}}]','[{\"text\":\"\",\"bold\":false,\"underlined\":false,\"font\":\"mechanization:manual\",\"color\":\"black\"},{\"translate\":\"mech.manual.upgrades_page\",\"underlined\":true},{\"translate\":\"mech.item.machine_upgrade\",\"bold\":true,\"color\":\"gray\"},{\"text\":\":\n\",\"color\":\"gray\"},{\"translate\":\"mech.manual.casting_basin.machine_upgrade\"},{\"translate\":\"mech.item.ender_upgrade\",\"bold\":true,\"color\":\"dark_purple\"},{\"text\":\":\n\",\"color\":\"dark_purple\"},{\"translate\":\"mech.manual.casting_basin.ender_upgrade\"},{\"translate\":\"mech.item.nether_upgrade\",\"bold\":true,\"color\":\"dark_red\"},{\"text\":\":\n\",\"color\":\"dark_red\"},{\"translate\":\"mech.manual.casting_basin.nether_upgrade\"}]','[{\"text\":\"\",\"bold\":false,\"font\":\"mechanization:manual\",\"color\":\"white\"},{\"text\":\"\uee03\",\"hoverEvent\":{\"action\":\"show_text\",\"contents\":[ {\"translate\":\"mech.manual.recipe\"},{\"text\":\"\uef19\",\"font\":\"mechanization:manual\"},{\"translate\":\"offset.-2\",\"font\":\"space:default\",\"with\":[ {\"text\":\"\uef1a\",\"font\":\"mechanization:manual\"}]},{\"text\":\"\n\n\n\n\n\n\"},{\"text\":\"\n x4 \"},{\"translate\":\"mech.plate.copper\"},{\"text\":\"\n x2 \"},{\"translate\":\"mech.gear.iron\"},{\"text\":\"\n x1 \"},{\"translate\":\"item.minecraft.bucket\"},{\"text\":\"\n x1 \"},{\"translate\":\"block.minecraft.dispenser\"},{\"text\":\"\n x1 \"},{\"translate\":\"mech.resource.machine_frame_tier_1\"}]},\"clickEvent\":{\"action\":\"run_command\",\"value\":\"/trigger mechanization.manual set 2029\"}},{\"translate\":\"offset.-105\",\"font\":\"space:default\",\"with\":[ {\"text\":\"\uef18\",\"font\":\"mechanization:manual\"}]},{\"translate\":\"offset.47\",\"font\":\"space:default\",\"with\":[ {\"text\":\"\uee04\",\"font\":\"mechanization:manual\"}]},{\"text\":\"\n\"},{\"translate\":\"mech.manual.liquid_accumulator.body\",\"color\":\"black\"},{\"text\":\"           \"},{\"text\":\"\uee0e\",\"clickEvent\":{\"action\":\"change_page\",\"value\":2}}]','[{\"text\":\"\",\"bold\":false,\"font\":\"mechanization:manual\",\"color\":\"white\"},{\"text\":\"\uee03\",\"hoverEvent\":{\"action\":\"show_text\",\"contents\":[ {\"translate\":\"mech.manual.recipe\"},{\"text\":\"\ueed7\",\"font\":\"mechanization:manual\"},{\"translate\":\"offset.-2\",\"font\":\"space:default\",\"with\":[ {\"text\":\"\ueed8\",\"font\":\"mechanization:manual\"}]},{\"text\":\"\n\n\n\n\n\n\"},{\"text\":\"\n x4 \"},{\"translate\":\"item.minecraft.iron_ingot\"},{\"text\":\"\n x2 \"},{\"translate\":\"mech.rod.copper\"},{\"text\":\"\n x1 \"},{\"translate\":\"mech.gear.gold\"},{\"text\":\"\n x1 \"},{\"translate\":\"block.minecraft.blast_furnace\"},{\"text\":\"\n x1 \"},{\"translate\":\"mech.resource.machine_frame_tier_1\"}]},\"clickEvent\":{\"action\":\"run_command\",\"value\":\"/trigger mechanization.manual set 2003\"}},{\"translate\":\"offset.-105\",\"font\":\"space:default\",\"with\":[ {\"text\":\"\ueed6\",\"font\":\"mechanization:manual\"}]},{\"translate\":\"offset.47\",\"font\":\"space:default\",\"with\":[ {\"text\":\"\uee04\",\"font\":\"mechanization:manual\"}]},{\"text\":\"\n\"},{\"translate\":\"mech.manual.electric_furnace.body\",\"color\":\"black\"},{\"text\":\"           \"},{\"text\":\"\uee0e\",\"clickEvent\":{\"action\":\"change_page\",\"value\":2}}]','[{\"text\":\"\",\"bold\":false,\"underlined\":false,\"font\":\"mechanization:manual\",\"color\":\"black\"},{\"translate\":\"mech.manual.upgrades_page\",\"underlined\":true},{\"translate\":\"mech.item.machine_upgrade\",\"bold\":true,\"color\":\"gray\"},{\"text\":\":\n\",\"color\":\"gray\"},{\"translate\":\"mech.manual.electric_furnace.machine_upgrade\"},{\"translate\":\"mech.item.ender_upgrade\",\"bold\":true,\"color\":\"dark_purple\"},{\"text\":\":\n\",\"color\":\"dark_purple\"},{\"translate\":\"mech.manual.electric_furnace.ender_upgrade\"},{\"translate\":\"mech.item.nether_upgrade\",\"bold\":true,\"color\":\"dark_red\"},{\"text\":\":\n\",\"color\":\"dark_red\"},{\"translate\":\"mech.manual.electric_furnace.nether_upgrade\"}]','[{\"text\":\"\",\"bold\":false,\"font\":\"mechanization:manual\",\"color\":\"white\"},{\"text\":\"\uee03\",\"hoverEvent\":{\"action\":\"show_text\",\"contents\":[ {\"translate\":\"mech.manual.recipe\"},{\"text\":\"\ueeda\",\"font\":\"mechanization:manual\"},{\"translate\":\"offset.-2\",\"font\":\"space:default\",\"with\":[ {\"text\":\"\ueedb\",\"font\":\"mechanization:manual\"}]},{\"text\":\"\n\n\n\n\n\n\"},{\"text\":\"\n x4 \"},{\"translate\":\"block.minecraft.oak_log\"},{\"text\":\"\n x2 \"},{\"translate\":\"item.minecraft.diamond_axe\"},{\"text\":\"\n x1 \"},{\"translate\":\"item.minecraft.redstone\"},{\"text\":\"\n x1 \"},{\"translate\":\"mech.plate.copper\"},{\"text\":\"\n x1 \"},{\"translate\":\"mech.resource.machine_frame_tier_1\"}]},\"clickEvent\":{\"action\":\"run_command\",\"value\":\"/trigger mechanization.manual set 2002\"}},{\"translate\":\"offset.-105\",\"font\":\"space:default\",\"with\":[ {\"text\":\"\ueed9\",\"font\":\"mechanization:manual\"}]},{\"translate\":\"offset.47\",\"font\":\"space:default\",\"with\":[ {\"text\":\"\uee04\",\"font\":\"mechanization:manual\"}]},{\"text\":\"\n\"},{\"translate\":\"mech.manual.tree_feller.body\",\"color\":\"black\"},{\"text\":\"           \"},{\"text\":\"\uee0e\",\"clickEvent\":{\"action\":\"change_page\",\"value\":2}}]','[{\"text\":\"\",\"bold\":false,\"underlined\":false,\"font\":\"mechanization:manual\",\"color\":\"black\"},{\"translate\":\"mech.manual.upgrades_page\",\"underlined\":true},{\"translate\":\"mech.item.machine_upgrade\",\"bold\":true,\"color\":\"gray\"},{\"text\":\":\n\",\"color\":\"gray\"},{\"translate\":\"mech.manual.tree_feller.machine_upgrade\"},{\"translate\":\"mech.item.ender_upgrade\",\"bold\":true,\"color\":\"dark_purple\"},{\"text\":\":\n\",\"color\":\"dark_purple\"},{\"translate\":\"mech.manual.tree_feller.ender_upgrade\"},{\"translate\":\"mech.item.nether_upgrade\",\"bold\":true,\"color\":\"dark_red\"},{\"text\":\":\n\",\"color\":\"dark_red\"},{\"translate\":\"mech.manual.tree_feller.nether_upgrade\"}]','[{\"text\":\"\",\"bold\":false,\"font\":\"mechanization:manual\",\"color\":\"white\"},{\"text\":\"\uee03\",\"hoverEvent\":{\"action\":\"show_text\",\"contents\":[ {\"translate\":\"mech.manual.recipe\"},{\"text\":\"\ueedd\",\"font\":\"mechanization:manual\"},{\"translate\":\"offset.-2\",\"font\":\"space:default\",\"with\":[ {\"text\":\"\ueede\",\"font\":\"mechanization:manual\"}]},{\"text\":\"\n\n\n\n\n\n\"},{\"text\":\"\n x4 \"},{\"translate\":\"block.minecraft.bone_block\"},{\"text\":\"\n x2 \"},{\"translate\":\"mech.gear.copper\"},{\"text\":\"\n x2 \"},{\"translate\":\"mech.plate.gold\"},{\"text\":\"\n x1 \"},{\"translate\":\"mech.resource.machine_frame_tier_1\"}]},\"clickEvent\":{\"action\":\"run_command\",\"value\":\"/trigger mechanization.manual set 2004\"}},{\"translate\":\"offset.-105\",\"font\":\"space:default\",\"with\":[ {\"text\":\"\ueedc\",\"font\":\"mechanization:manual\"}]},{\"translate\":\"offset.47\",\"font\":\"space:default\",\"with\":[ {\"text\":\"\uee04\",\"font\":\"mechanization:manual\"}]},{\"text\":\"\n\"},{\"translate\":\"mech.manual.growth_accelerator.body\",\"color\":\"black\"},{\"text\":\"           \"},{\"text\":\"\uee0e\",\"clickEvent\":{\"action\":\"change_page\",\"value\":2}}]','[{\"text\":\"\",\"bold\":false,\"underlined\":false,\"font\":\"mechanization:manual\",\"color\":\"black\"},{\"translate\":\"mech.manual.upgrades_page\",\"underlined\":true},{\"translate\":\"mech.item.machine_upgrade\",\"bold\":true,\"color\":\"gray\"},{\"text\":\":\n\",\"color\":\"gray\"},{\"translate\":\"mech.manual.growth_accelerator.machine_upgrade\"},{\"translate\":\"mech.item.ender_upgrade\",\"bold\":true,\"color\":\"dark_purple\"},{\"text\":\":\n\",\"color\":\"dark_purple\"},{\"translate\":\"mech.manual.growth_accelerator.ender_upgrade\"},{\"translate\":\"mech.item.nether_upgrade\",\"bold\":true,\"color\":\"dark_red\"},{\"text\":\":\n\",\"color\":\"dark_red\"},{\"translate\":\"mech.manual.growth_accelerator.nether_upgrade\"}]','[{\"text\":\"\",\"bold\":false,\"font\":\"mechanization:manual\",\"color\":\"white\"},{\"text\":\"\uee03\",\"hoverEvent\":{\"action\":\"show_text\",\"contents\":[ {\"translate\":\"mech.manual.recipe\"},{\"text\":\"\ueee0\",\"font\":\"mechanization:manual\"},{\"translate\":\"offset.-2\",\"font\":\"space:default\",\"with\":[ {\"text\":\"\ueee1\",\"font\":\"mechanization:manual\"}]},{\"text\":\"\n\n\n\n\n\n\"},{\"text\":\"\n x4 \"},{\"translate\":\"item.minecraft.copper_ingot\"},{\"text\":\"\n x1 \"},{\"translate\":\"item.minecraft.golden_sword\"},{\"text\":\"\n x1 \"},{\"translate\":\"item.minecraft.golden_pickaxe\"},{\"text\":\"\n x1 \"},{\"translate\":\"item.minecraft.golden_axe\"},{\"text\":\"\n x1 \"},{\"translate\":\"item.minecraft.golden_shovel\"},{\"text\":\"\n x1 \"},{\"translate\":\"mech.resource.machine_frame_tier_1\"}]},\"clickEvent\":{\"action\":\"run_command\",\"value\":\"/trigger mechanization.manual set 2008\"}},{\"translate\":\"offset.-105\",\"font\":\"space:default\",\"with\":[ {\"text\":\"\ueedf\",\"font\":\"mechanization:manual\"}]},{\"translate\":\"offset.47\",\"font\":\"space:default\",\"with\":[ {\"text\":\"\uee04\",\"font\":\"mechanization:manual\"}]},{\"text\":\"\n\"},{\"translate\":\"mech.manual.block_breaker.body\",\"color\":\"black\"},{\"text\":\"           \"},{\"text\":\"\uee0e\",\"clickEvent\":{\"action\":\"change_page\",\"value\":2}}]','[{\"text\":\"\",\"bold\":false,\"underlined\":false,\"font\":\"mechanization:manual\",\"color\":\"black\"},{\"translate\":\"mech.manual.upgrades_page\",\"underlined\":true},{\"translate\":\"mech.item.machine_upgrade\",\"bold\":true,\"color\":\"gray\"},{\"text\":\":\n\",\"color\":\"gray\"},{\"translate\":\"mech.manual.block_breaker.machine_upgrade\"},{\"translate\":\"mech.item.ender_upgrade\",\"bold\":true,\"color\":\"dark_purple\"},{\"text\":\":\n\",\"color\":\"dark_purple\"},{\"translate\":\"mech.manual.block_breaker.ender_upgrade\"},{\"translate\":\"mech.item.nether_upgrade\",\"bold\":true,\"color\":\"dark_red\"},{\"text\":\":\n\",\"color\":\"dark_red\"},{\"translate\":\"mech.manual.block_breaker.nether_upgrade\"}]','[{\"text\":\"\",\"bold\":false,\"font\":\"mechanization:manual\",\"color\":\"white\"},{\"text\":\"\uee03\",\"hoverEvent\":{\"action\":\"show_text\",\"contents\":[ {\"translate\":\"mech.manual.recipe\"},{\"text\":\"\ueee3\",\"font\":\"mechanization:manual\"},{\"translate\":\"offset.-2\",\"font\":\"space:default\",\"with\":[ {\"text\":\"\ueee4\",\"font\":\"mechanization:manual\"}]},{\"text\":\"\n\n\n\n\n\n\"},{\"text\":\"\n x4 \"},{\"translate\":\"block.minecraft.obsidian\"},{\"text\":\"\n x2 \"},{\"translate\":\"item.minecraft.diamond\"},{\"text\":\"\n x1 \"},{\"translate\":\"mech.plate.gold\"},{\"text\":\"\n x1 \"},{\"translate\":\"mech.gear.copper\"},{\"text\":\"\n x1 \"},{\"translate\":\"mech.resource.machine_frame_tier_1\"}]},\"clickEvent\":{\"action\":\"run_command\",\"value\":\"/trigger mechanization.manual set 2009\"}},{\"translate\":\"offset.-105\",\"font\":\"space:default\",\"with\":[ {\"text\":\"\ueee2\",\"font\":\"mechanization:manual\"}]},{\"translate\":\"offset.47\",\"font\":\"space:default\",\"with\":[ {\"text\":\"\uee04\",\"font\":\"mechanization:manual\"}]},{\"text\":\"\n\"},{\"translate\":\"mech.manual.grinder.body\",\"color\":\"black\"},{\"text\":\"           \"},{\"text\":\"\uee0e\",\"clickEvent\":{\"action\":\"change_page\",\"value\":2}}]','[{\"text\":\"\",\"bold\":false,\"underlined\":false,\"font\":\"mechanization:manual\",\"color\":\"black\"},{\"translate\":\"mech.manual.upgrades_page\",\"underlined\":true},{\"translate\":\"mech.item.machine_upgrade\",\"bold\":true,\"color\":\"gray\"},{\"text\":\":\n\",\"color\":\"gray\"},{\"translate\":\"mech.manual.grinder.machine_upgrade\"},{\"translate\":\"mech.item.ender_upgrade\",\"bold\":true,\"color\":\"dark_purple\"},{\"text\":\":\n\",\"color\":\"dark_purple\"},{\"translate\":\"mech.manual.grinder.ender_upgrade\"},{\"translate\":\"mech.item.nether_upgrade\",\"bold\":true,\"color\":\"dark_red\"},{\"text\":\":\n\",\"color\":\"dark_red\"},{\"translate\":\"mech.manual.grinder.nether_upgrade\"}]','[{\"text\":\"\",\"bold\":false,\"font\":\"mechanization:manual\",\"color\":\"white\"},{\"text\":\"\uee03\",\"hoverEvent\":{\"action\":\"show_text\",\"contents\":[ {\"translate\":\"mech.manual.recipe\"},{\"text\":\"\ueee6\",\"font\":\"mechanization:manual\"},{\"translate\":\"offset.-2\",\"font\":\"space:default\",\"with\":[ {\"text\":\"\ueee7\",\"font\":\"mechanization:manual\"}]},{\"text\":\"\n\n\n\n\n\n\"},{\"text\":\"\n x4 \"},{\"translate\":\"mech.rod.conductive\"},{\"text\":\"\n x3 \"},{\"translate\":\"block.minecraft.blue_stained_glass\"},{\"text\":\"\n x1 \"},{\"translate\":\"block.minecraft.daylight_detector\"},{\"text\":\"\n x1 \"},{\"translate\":\"mech.resource.machine_frame_tier_2\"}]},\"clickEvent\":{\"action\":\"run_command\",\"value\":\"/trigger mechanization.manual set 2014\"}},{\"translate\":\"offset.-105\",\"font\":\"space:default\",\"with\":[ {\"text\":\"\ueee5\",\"font\":\"mechanization:manual\"}]},{\"translate\":\"offset.47\",\"font\":\"space:default\",\"with\":[ {\"text\":\"\uee04\",\"font\":\"mechanization:manual\"}]},{\"text\":\"\n\"},{\"translate\":\"mech.manual.solar_panel.body\",\"color\":\"black\"},{\"text\":\"           \"},{\"text\":\"\uee0e\",\"clickEvent\":{\"action\":\"change_page\",\"value\":2}}]','[{\"text\":\"\",\"bold\":false,\"underlined\":false,\"font\":\"mechanization:manual\",\"color\":\"black\"},{\"translate\":\"mech.manual.upgrades_page\",\"underlined\":true},{\"translate\":\"mech.item.machine_upgrade\",\"bold\":true,\"color\":\"gray\"},{\"text\":\":\n\",\"color\":\"gray\"},{\"translate\":\"mech.manual.solar_panel.machine_upgrade\"},{\"translate\":\"mech.item.ender_upgrade\",\"bold\":true,\"color\":\"dark_purple\"},{\"text\":\":\n\",\"color\":\"dark_purple\"},{\"translate\":\"mech.manual.solar_panel.ender_upgrade\"},{\"translate\":\"mech.item.nether_upgrade\",\"bold\":true,\"color\":\"dark_red\"},{\"text\":\":\n\",\"color\":\"dark_red\"},{\"translate\":\"mech.manual.solar_panel.nether_upgrade\"}]','[{\"text\":\"\",\"bold\":false,\"font\":\"mechanization:manual\",\"color\":\"white\"},{\"text\":\"\uee03\",\"hoverEvent\":{\"action\":\"show_text\",\"contents\":[ {\"translate\":\"mech.manual.recipe\"},{\"text\":\"\ueee9\",\"font\":\"mechanization:manual\"},{\"translate\":\"offset.-2\",\"font\":\"space:default\",\"with\":[ {\"text\":\"\ueeea\",\"font\":\"mechanization:manual\"}]},{\"text\":\"\n\n\n\n\n\n\"},{\"text\":\"\n x4 \"},{\"translate\":\"block.minecraft.nether_bricks\"},{\"text\":\"\n x2 \"},{\"translate\":\"mech.plate.conductive\"},{\"text\":\"\n x1 \"},{\"translate\":\"block.minecraft.hopper\"},{\"text\":\"\n x1 \"},{\"translate\":\"block.minecraft.smoker\"},{\"text\":\"\n x1 \"},{\"translate\":\"mech.resource.machine_frame_tier_2\"}]},\"clickEvent\":{\"action\":\"run_command\",\"value\":\"/trigger mechanization.manual set 2007\"}},{\"translate\":\"offset.-105\",\"font\":\"space:default\",\"with\":[ {\"text\":\"\ueee8\",\"font\":\"mechanization:manual\"}]},{\"translate\":\"offset.47\",\"font\":\"space:default\",\"with\":[ {\"text\":\"\uee04\",\"font\":\"mechanization:manual\"}]},{\"text\":\"\n\"},{\"translate\":\"mech.manual.bio_generator.body\",\"color\":\"black\"},{\"text\":\"           \"},{\"text\":\"\uee0e\",\"clickEvent\":{\"action\":\"change_page\",\"value\":2}}]','[{\"text\":\"\",\"bold\":false,\"underlined\":false,\"font\":\"mechanization:manual\",\"color\":\"black\"},{\"translate\":\"mech.manual.upgrades_page\",\"underlined\":true},{\"translate\":\"mech.item.machine_upgrade\",\"bold\":true,\"color\":\"gray\"},{\"text\":\":\n\",\"color\":\"gray\"},{\"translate\":\"mech.manual.bio_generator.machine_upgrade\"},{\"translate\":\"mech.item.ender_upgrade\",\"bold\":true,\"color\":\"dark_purple\"},{\"text\":\":\n\",\"color\":\"dark_purple\"},{\"translate\":\"mech.manual.bio_generator.ender_upgrade\"},{\"translate\":\"mech.item.nether_upgrade\",\"bold\":true,\"color\":\"dark_red\"},{\"text\":\":\n\",\"color\":\"dark_red\"},{\"translate\":\"mech.manual.bio_generator.nether_upgrade\"}]','[{\"text\":\"\",\"bold\":false,\"font\":\"mechanization:manual\",\"color\":\"black\"},{\"translate\":\"mech.manual.bio_fuels.title\",\"color\":\"dark_aqua\"},{\"text\":\"\n\"},{\"translate\":\"mech.manual.bio_fuels.body1\"}]','[{\"text\":\"\",\"bold\":false,\"font\":\"mechanization:manual\",\"color\":\"black\"},{\"translate\":\"mech.manual.bio_fuels.body2\"}]','[{\"text\":\"\",\"bold\":false,\"font\":\"mechanization:manual\",\"color\":\"white\"},{\"text\":\"\uee03\",\"hoverEvent\":{\"action\":\"show_text\",\"contents\":[ {\"translate\":\"mech.manual.recipe\"},{\"text\":\"\ueeec\",\"font\":\"mechanization:manual\"},{\"translate\":\"offset.-2\",\"font\":\"space:default\",\"with\":[ {\"text\":\"\ueeed\",\"font\":\"mechanization:manual\"}]},{\"text\":\"\n\n\n\n\n\n\"},{\"text\":\"\n x2 \"},{\"translate\":\"mech.gem.crystal_composite\"},{\"text\":\"\n x2 \"},{\"translate\":\"mech.gear.conductive\"},{\"text\":\"\n x1 \"},{\"translate\":\"item.minecraft.diamond_sword\"},{\"text\":\"\n x1 \"},{\"translate\":\"item.minecraft.diamond_pickaxe\"},{\"text\":\"\n x1 \"},{\"translate\":\"item.minecraft.diamond_axe\"},{\"text\":\"\n x1 \"},{\"translate\":\"item.minecraft.diamond_shovel\"},{\"text\":\"\n x1 \"},{\"translate\":\"mech.resource.machine_frame_tier_2\"}]},\"clickEvent\":{\"action\":\"run_command\",\"value\":\"/trigger mechanization.manual set 2013\"}},{\"translate\":\"offset.-105\",\"font\":\"space:default\",\"with\":[ {\"text\":\"\ueeeb\",\"font\":\"mechanization:manual\"}]},{\"translate\":\"offset.47\",\"font\":\"space:default\",\"with\":[ {\"text\":\"\uee04\",\"font\":\"mechanization:manual\"}]},{\"text\":\"\n\"},{\"translate\":\"mech.manual.quarry.body\",\"color\":\"black\"},{\"text\":\"           \"},{\"text\":\"\uee0e\",\"clickEvent\":{\"action\":\"change_page\",\"value\":2}}]','[{\"text\":\"\",\"bold\":false,\"underlined\":false,\"font\":\"mechanization:manual\",\"color\":\"black\"},{\"translate\":\"mech.manual.upgrades_page\",\"underlined\":true},{\"translate\":\"mech.item.machine_upgrade\",\"bold\":true,\"color\":\"gray\"},{\"text\":\":\n\",\"color\":\"gray\"},{\"translate\":\"mech.manual.quarry.machine_upgrade\"},{\"translate\":\"mech.item.ender_upgrade\",\"bold\":true,\"color\":\"dark_purple\"},{\"text\":\":\n\",\"color\":\"dark_purple\"},{\"translate\":\"mech.manual.quarry.ender_upgrade\"},{\"translate\":\"mech.item.nether_upgrade\",\"bold\":true,\"color\":\"dark_red\"},{\"text\":\":\n\",\"color\":\"dark_red\"},{\"translate\":\"mech.manual.quarry.nether_upgrade\"}]','[{\"text\":\"\",\"bold\":false,\"font\":\"mechanization:manual\",\"color\":\"white\"},{\"text\":\"\uee03\",\"hoverEvent\":{\"action\":\"show_text\",\"contents\":[ {\"translate\":\"mech.manual.recipe\"},{\"text\":\"\ueeef\",\"font\":\"mechanization:manual\"},{\"translate\":\"offset.-2\",\"font\":\"space:default\",\"with\":[ {\"text\":\"\ueef0\",\"font\":\"mechanization:manual\"}]},{\"text\":\"\n\n\n\n\n\n\"},{\"text\":\"\n x2 \"},{\"translate\":\"mech.gem.crystal_composite\"},{\"text\":\"\n x2 \"},{\"translate\":\"block.minecraft.piston\"},{\"text\":\"\n x2 \"},{\"translate\":\"mech.plate.conductive\"},{\"text\":\"\n x2 \"},{\"translate\":\"item.minecraft.diamond_hoe\"},{\"text\":\"\n x1 \"},{\"translate\":\"mech.resource.machine_frame_tier_2\"}]},\"clickEvent\":{\"action\":\"run_command\",\"value\":\"/trigger mechanization.manual set 2005\"}},{\"translate\":\"offset.-105\",\"font\":\"space:default\",\"with\":[ {\"text\":\"\ueeee\",\"font\":\"mechanization:manual\"}]},{\"translate\":\"offset.47\",\"font\":\"space:default\",\"with\":[ {\"text\":\"\uee04\",\"font\":\"mechanization:manual\"}]},{\"text\":\"\n\"},{\"translate\":\"mech.manual.auto_farm.body\",\"color\":\"black\"},{\"text\":\"           \"},{\"text\":\"\uee0e\",\"clickEvent\":{\"action\":\"change_page\",\"value\":2}}]','[{\"text\":\"\",\"bold\":false,\"underlined\":false,\"font\":\"mechanization:manual\",\"color\":\"black\"},{\"translate\":\"mech.manual.upgrades_page\",\"underlined\":true},{\"translate\":\"mech.item.machine_upgrade\",\"bold\":true,\"color\":\"gray\"},{\"text\":\":\n\",\"color\":\"gray\"},{\"translate\":\"mech.manual.auto_farm.machine_upgrade\"},{\"translate\":\"mech.item.ender_upgrade\",\"bold\":true,\"color\":\"dark_purple\"},{\"text\":\":\n\",\"color\":\"dark_purple\"},{\"translate\":\"mech.manual.auto_farm.ender_upgrade\"},{\"translate\":\"mech.item.nether_upgrade\",\"bold\":true,\"color\":\"dark_red\"},{\"text\":\":\n\",\"color\":\"dark_red\"},{\"translate\":\"mech.manual.auto_farm.nether_upgrade\"}]','[{\"text\":\"\",\"bold\":false,\"font\":\"mechanization:manual\",\"color\":\"white\"},{\"text\":\"\uee03\",\"hoverEvent\":{\"action\":\"show_text\",\"contents\":[ {\"translate\":\"mech.manual.recipe\"},{\"text\":\"\ueef2\",\"font\":\"mechanization:manual\"},{\"translate\":\"offset.-2\",\"font\":\"space:default\",\"with\":[ {\"text\":\"\ueef3\",\"font\":\"mechanization:manual\"}]},{\"text\":\"\n\n\n\n\n\n\"},{\"text\":\"\n x4 \"},{\"translate\":\"item.minecraft.fishing_rod\"},{\"text\":\"\n x2 \"},{\"translate\":\"item.minecraft.string\"},{\"text\":\"\n x2 \"},{\"translate\":\"mech.gear.conductive\"},{\"text\":\"\n x1 \"},{\"translate\":\"mech.resource.machine_frame_tier_2\"}]},\"clickEvent\":{\"action\":\"run_command\",\"value\":\"/trigger mechanization.manual set 2006\"}},{\"translate\":\"offset.-105\",\"font\":\"space:default\",\"with\":[ {\"text\":\"\ueef1\",\"font\":\"mechanization:manual\"}]},{\"translate\":\"offset.47\",\"font\":\"space:default\",\"with\":[ {\"text\":\"\uee04\",\"font\":\"mechanization:manual\"}]},{\"text\":\"\n\"},{\"translate\":\"mech.manual.auto_fisher.body\",\"color\":\"black\"},{\"text\":\"           \"},{\"text\":\"\uee0e\",\"clickEvent\":{\"action\":\"change_page\",\"value\":2}}]','[{\"text\":\"\",\"bold\":false,\"underlined\":false,\"font\":\"mechanization:manual\",\"color\":\"black\"},{\"translate\":\"mech.manual.upgrades_page\",\"underlined\":true},{\"translate\":\"mech.item.machine_upgrade\",\"bold\":true,\"color\":\"gray\"},{\"text\":\":\n\",\"color\":\"gray\"},{\"translate\":\"mech.manual.auto_fisher.machine_upgrade\"},{\"translate\":\"mech.item.ender_upgrade\",\"bold\":true,\"color\":\"dark_purple\"},{\"text\":\":\n\",\"color\":\"dark_purple\"},{\"translate\":\"mech.manual.auto_fisher.ender_upgrade\"},{\"translate\":\"mech.item.nether_upgrade\",\"bold\":true,\"color\":\"dark_red\"},{\"text\":\":\n\",\"color\":\"dark_red\"},{\"translate\":\"mech.manual.auto_fisher.nether_upgrade\"}]','[{\"text\":\"\",\"bold\":false,\"font\":\"mechanization:manual\",\"color\":\"white\"},{\"text\":\"\uee03\",\"hoverEvent\":{\"action\":\"show_text\",\"contents\":[ {\"translate\":\"mech.manual.recipe\"},{\"text\":\"\ueef5\",\"font\":\"mechanization:manual\"},{\"translate\":\"offset.-2\",\"font\":\"space:default\",\"with\":[ {\"text\":\"\ueef6\",\"font\":\"mechanization:manual\"}]},{\"text\":\"\n\n\n\n\n\n\"},{\"text\":\"\n x4 \"},{\"translate\":\"mech.gem.crystal_composite\"},{\"text\":\"\n x2 \"},{\"translate\":\"mech.gear.conductive\"},{\"text\":\"\n x1 \"},{\"translate\":\"mech.manual.mending_book\"},{\"text\":\"\n x1 \"},{\"translate\":\"block.minecraft.anvil\"},{\"text\":\"\n x1 \"},{\"translate\":\"mech.resource.machine_frame_tier_2\"}]},\"clickEvent\":{\"action\":\"run_command\",\"value\":\"/trigger mechanization.manual set 2010\"}},{\"translate\":\"offset.-105\",\"font\":\"space:default\",\"with\":[ {\"text\":\"\ueef4\",\"font\":\"mechanization:manual\"}]},{\"translate\":\"offset.47\",\"font\":\"space:default\",\"with\":[ {\"text\":\"\uee04\",\"font\":\"mechanization:manual\"}]},{\"text\":\"\n\"},{\"translate\":\"mech.manual.item_reformer.body\",\"color\":\"black\"},{\"text\":\"           \"},{\"text\":\"\uee0e\",\"clickEvent\":{\"action\":\"change_page\",\"value\":2}}]','[{\"text\":\"\",\"bold\":false,\"underlined\":false,\"font\":\"mechanization:manual\",\"color\":\"black\"},{\"translate\":\"mech.manual.upgrades_page\",\"underlined\":true},{\"translate\":\"mech.item.machine_upgrade\",\"bold\":true,\"color\":\"gray\"},{\"text\":\":\n\",\"color\":\"gray\"},{\"translate\":\"mech.manual.item_reformer.machine_upgrade\"},{\"translate\":\"mech.item.ender_upgrade\",\"bold\":true,\"color\":\"dark_purple\"},{\"text\":\":\n\",\"color\":\"dark_purple\"},{\"translate\":\"mech.manual.item_reformer.ender_upgrade\"},{\"translate\":\"mech.item.nether_upgrade\",\"bold\":true,\"color\":\"dark_red\"},{\"text\":\":\n\",\"color\":\"dark_red\"},{\"translate\":\"mech.manual.item_reformer.nether_upgrade\"}]','[{\"text\":\"\",\"bold\":false,\"font\":\"mechanization:manual\",\"color\":\"white\"},{\"text\":\"\uee03\",\"hoverEvent\":{\"action\":\"show_text\",\"contents\":[ {\"translate\":\"mech.manual.recipe\"},{\"text\":\"\ueef8\",\"font\":\"mechanization:manual\"},{\"translate\":\"offset.-2\",\"font\":\"space:default\",\"with\":[ {\"text\":\"\ueef9\",\"font\":\"mechanization:manual\"}]},{\"text\":\"\n\n\n\n\n\n\"},{\"text\":\"\n x2 \"},{\"translate\":\"item.minecraft.diamond_sword\"},{\"text\":\"\n x2 \"},{\"translate\":\"mech.plate.conductive\"},{\"text\":\"\n x1 \"},{\"translate\":\"block.minecraft.wither_skeleton_skull\"},{\"text\":\"\n x1 \"},{\"translate\":\"item.minecraft.bucket\"},{\"text\":\"\n x1 \"},{\"translate\":\"mech.resource.machine_frame_tier_2\"}]},\"clickEvent\":{\"action\":\"run_command\",\"value\":\"/trigger mechanization.manual set 2012\"}},{\"translate\":\"offset.-105\",\"font\":\"space:default\",\"with\":[ {\"text\":\"\ueef7\",\"font\":\"mechanization:manual\"}]},{\"translate\":\"offset.47\",\"font\":\"space:default\",\"with\":[ {\"text\":\"\uee04\",\"font\":\"mechanization:manual\"}]},{\"text\":\"\n\"},{\"translate\":\"mech.manual.mob_grinder.body\",\"color\":\"black\"},{\"text\":\"           \"},{\"text\":\"\uee0e\",\"clickEvent\":{\"action\":\"change_page\",\"value\":2}}]','[{\"text\":\"\",\"bold\":false,\"underlined\":false,\"font\":\"mechanization:manual\",\"color\":\"black\"},{\"translate\":\"mech.manual.upgrades_page\",\"underlined\":true},{\"translate\":\"mech.item.machine_upgrade\",\"bold\":true,\"color\":\"gray\"},{\"text\":\":\n\",\"color\":\"gray\"},{\"translate\":\"mech.manual.mob_grinder.machine_upgrade\"},{\"translate\":\"mech.item.ender_upgrade\",\"bold\":true,\"color\":\"dark_purple\"},{\"text\":\":\n\",\"color\":\"dark_purple\"},{\"translate\":\"mech.manual.mob_grinder.ender_upgrade\"},{\"translate\":\"mech.item.nether_upgrade\",\"bold\":true,\"color\":\"dark_red\"},{\"text\":\":\n\",\"color\":\"dark_red\"},{\"translate\":\"mech.manual.mob_grinder.nether_upgrade\"}]','[{\"text\":\"\",\"bold\":false,\"font\":\"mechanization:manual\",\"color\":\"white\"},{\"text\":\"\uee03\",\"hoverEvent\":{\"action\":\"show_text\",\"contents\":[ {\"translate\":\"mech.manual.recipe\"},{\"text\":\"\ueefb\",\"font\":\"mechanization:manual\"},{\"translate\":\"offset.-2\",\"font\":\"space:default\",\"with\":[ {\"text\":\"\ueefc\",\"font\":\"mechanization:manual\"}]},{\"text\":\"\n\n\n\n\n\n\"},{\"text\":\"\n x4 \"},{\"translate\":\"item.minecraft.glow_ink_sac\"},{\"text\":\"\n x2 \"},{\"translate\":\"block.minecraft.redstone_lamp\"},{\"text\":\"\n x2 \"},{\"translate\":\"mech.rod.conductive\"},{\"text\":\"\n x1 \"},{\"translate\":\"mech.resource.machine_frame_tier_2\"}]},\"clickEvent\":{\"action\":\"run_command\",\"value\":\"/trigger mechanization.manual set 2032\"}},{\"translate\":\"offset.-105\",\"font\":\"space:default\",\"with\":[ {\"text\":\"\ueefa\",\"font\":\"mechanization:manual\"}]},{\"translate\":\"offset.47\",\"font\":\"space:default\",\"with\":[ {\"text\":\"\uee04\",\"font\":\"mechanization:manual\"}]},{\"text\":\"\n\"},{\"translate\":\"mech.manual.electric_lamp.body\",\"color\":\"black\"},{\"text\":\"           \"},{\"text\":\"\uee0e\",\"clickEvent\":{\"action\":\"change_page\",\"value\":2}}]','[{\"text\":\"\",\"bold\":false,\"font\":\"mechanization:manual\",\"color\":\"white\"},{\"text\":\"\uee03\",\"hoverEvent\":{\"action\":\"show_text\",\"contents\":[ {\"translate\":\"mech.manual.recipe\"},{\"text\":\"\ueefe\",\"font\":\"mechanization:manual\"},{\"translate\":\"offset.-2\",\"font\":\"space:default\",\"with\":[ {\"text\":\"\ueeff\",\"font\":\"mechanization:manual\"}]},{\"text\":\"\n\n\n\n\n\n\"},{\"text\":\"\n x4 \"},{\"translate\":\"mech.ingot.steel\"},{\"text\":\"\n x3 \"},{\"translate\":\"block.minecraft.piston\"},{\"text\":\"\n x2 \"},{\"translate\":\"block.minecraft.redstone_block\"}]},\"clickEvent\":{\"action\":\"run_command\",\"value\":\"/trigger mechanization.manual set 2020\"}},{\"translate\":\"offset.-105\",\"font\":\"space:default\",\"with\":[ {\"text\":\"\ueefd\",\"font\":\"mechanization:manual\"}]},{\"translate\":\"offset.47\",\"font\":\"space:default\",\"with\":[ {\"text\":\"\uee04\",\"font\":\"mechanization:manual\"}]},{\"text\":\"\n\"},{\"translate\":\"mech.manual.super_piston.body\",\"color\":\"black\"},{\"text\":\"           \"},{\"text\":\"\uee0e\",\"clickEvent\":{\"action\":\"change_page\",\"value\":2}}]','[{\"text\":\"\",\"bold\":false,\"font\":\"mechanization:manual\",\"color\":\"white\"},{\"text\":\"\uee03\",\"hoverEvent\":{\"action\":\"show_text\",\"contents\":[ {\"translate\":\"mech.manual.recipe\"},{\"text\":\"\uef01\",\"font\":\"mechanization:manual\"},{\"translate\":\"offset.-2\",\"font\":\"space:default\",\"with\":[ {\"text\":\"\uef02\",\"font\":\"mechanization:manual\"}]},{\"text\":\"\n\n\n\n\n\n\"},{\"text\":\"\n x1 \"},{\"translate\":\"block.minecraft.slime_block\"},{\"text\":\"\n x1 \"},{\"translate\":\"mech.block.super_piston\"}]},\"clickEvent\":{\"action\":\"run_command\",\"value\":\"/trigger mechanization.manual set 2021\"}},{\"translate\":\"offset.-105\",\"font\":\"space:default\",\"with\":[ {\"text\":\"\uef00\",\"font\":\"mechanization:manual\"}]},{\"translate\":\"offset.47\",\"font\":\"space:default\",\"with\":[ {\"text\":\"\uee04\",\"font\":\"mechanization:manual\"}]},{\"text\":\"\n\"},{\"translate\":\"mech.manual.super_sticky_piston.body\",\"color\":\"black\"},{\"text\":\"           \"},{\"text\":\"\uee0e\",\"clickEvent\":{\"action\":\"change_page\",\"value\":2}}]','[{\"text\":\"\",\"bold\":false,\"font\":\"mechanization:manual\",\"color\":\"white\"},{\"text\":\"\uee03\",\"hoverEvent\":{\"action\":\"show_text\",\"contents\":[ {\"translate\":\"mech.manual.recipe\"},{\"text\":\"\uef04\",\"font\":\"mechanization:manual\"},{\"translate\":\"offset.-2\",\"font\":\"space:default\",\"with\":[ {\"text\":\"\uef05\",\"font\":\"mechanization:manual\"}]},{\"text\":\"\n\n\n\n\n\n\"},{\"text\":\"\n x1 \"},{\"translate\":\"block.minecraft.hopper\"},{\"text\":\"\n x1 \"},{\"translate\":\"mech.block.super_piston\"}]},\"clickEvent\":{\"action\":\"run_command\",\"value\":\"/trigger mechanization.manual set 2022\"}},{\"translate\":\"offset.-105\",\"font\":\"space:default\",\"with\":[ {\"text\":\"\uef03\",\"font\":\"mechanization:manual\"}]},{\"translate\":\"offset.47\",\"font\":\"space:default\",\"with\":[ {\"text\":\"\uee04\",\"font\":\"mechanization:manual\"}]},{\"text\":\"\n\"},{\"translate\":\"mech.manual.turn_table.body\",\"color\":\"black\"},{\"text\":\"           \"},{\"text\":\"\uee0e\",\"clickEvent\":{\"action\":\"change_page\",\"value\":2}}]','[{\"text\":\"\",\"bold\":false,\"font\":\"mechanization:manual\",\"color\":\"white\"},{\"text\":\"\uee03\",\"hoverEvent\":{\"action\":\"show_text\",\"contents\":[ {\"translate\":\"mech.manual.recipe\"},{\"text\":\"\uef07\",\"font\":\"mechanization:manual\"},{\"translate\":\"offset.-2\",\"font\":\"space:default\",\"with\":[ {\"text\":\"\uef08\",\"font\":\"mechanization:manual\"}]},{\"text\":\"\n\n\n\n\n\n\"},{\"text\":\"\n x2 \"},{\"translate\":\"block.minecraft.nether_bricks\"},{\"text\":\"\n x2 \"},{\"translate\":\"block.minecraft.purpur_block\"},{\"text\":\"\n x2 \"},{\"translate\":\"mech.plate.super_conductive\"},{\"text\":\"\n x1 \"},{\"translate\":\"mech.ingot.nether_alloy\"},{\"text\":\"\n x1 \"},{\"translate\":\"mech.ingot.ender_alloy\"},{\"text\":\"\n x1 \"},{\"translate\":\"mech.resource.machine_frame_tier_3\"}]},\"clickEvent\":{\"action\":\"run_command\",\"value\":\"/trigger mechanization.manual set 2015\"}},{\"translate\":\"offset.-105\",\"font\":\"space:default\",\"with\":[ {\"text\":\"\uef06\",\"font\":\"mechanization:manual\"}]},{\"translate\":\"offset.47\",\"font\":\"space:default\",\"with\":[ {\"text\":\"\uee04\",\"font\":\"mechanization:manual\"}]},{\"text\":\"\n\"},{\"translate\":\"mech.manual.dimensional_generator.body\",\"color\":\"black\"},{\"text\":\"           \"},{\"text\":\"\uee0e\",\"clickEvent\":{\"action\":\"change_page\",\"value\":2}}]','[{\"text\":\"\",\"bold\":false,\"underlined\":false,\"font\":\"mechanization:manual\",\"color\":\"black\"},{\"translate\":\"mech.manual.upgrades_page\",\"underlined\":true},{\"translate\":\"mech.item.machine_upgrade\",\"bold\":true,\"color\":\"gray\"},{\"text\":\":\n\",\"color\":\"gray\"},{\"translate\":\"mech.manual.dimensional_generator.machine_upgrade\"},{\"translate\":\"mech.item.ender_upgrade\",\"bold\":true,\"color\":\"dark_purple\"},{\"text\":\":\n\",\"color\":\"dark_purple\"},{\"translate\":\"mech.manual.dimensional_generator.ender_upgrade\"},{\"translate\":\"mech.item.nether_upgrade\",\"bold\":true,\"color\":\"dark_red\"},{\"text\":\":\n\",\"color\":\"dark_red\"},{\"translate\":\"mech.manual.dimensional_generator.nether_upgrade\"}]','[{\"text\":\"\",\"bold\":false,\"font\":\"mechanization:manual\",\"color\":\"black\"},{\"translate\":\"mech.manual.overworld_fuels.title\",\"color\":\"dark_aqua\"},{\"text\":\"\n\"},{\"translate\":\"mech.manual.overworld_fuels.body\"}]','[{\"text\":\"\",\"bold\":false,\"font\":\"mechanization:manual\",\"color\":\"black\"},{\"translate\":\"mech.manual.ender_fuels.title\",\"color\":\"dark_aqua\"},{\"text\":\"\n\"},{\"translate\":\"mech.manual.ender_fuels.body\"}]','[{\"text\":\"\",\"bold\":false,\"font\":\"mechanization:manual\",\"color\":\"black\"},{\"translate\":\"mech.manual.nether_fuels.title\",\"color\":\"dark_aqua\"},{\"text\":\"\n\"},{\"translate\":\"mech.manual.nether_fuels.body\"}]','[{\"text\":\"\",\"bold\":false,\"font\":\"mechanization:manual\",\"color\":\"white\"},{\"text\":\"\uee03\",\"hoverEvent\":{\"action\":\"show_text\",\"contents\":[ {\"translate\":\"mech.manual.recipe\"},{\"text\":\"\uef0a\",\"font\":\"mechanization:manual\"},{\"translate\":\"offset.-2\",\"font\":\"space:default\",\"with\":[ {\"text\":\"\uef0b\",\"font\":\"mechanization:manual\"}]},{\"text\":\"\n\n\n\n\n\n\"},{\"text\":\"\n x4 \"},{\"translate\":\"mech.gem.crystal_composite\"},{\"text\":\"\n x3 \"},{\"translate\":\"mech.gear.super_conductive\"},{\"text\":\"\n x1 \"},{\"translate\":\"mech.plate.nether_alloy\"},{\"text\":\"\n x1 \"},{\"translate\":\"mech.resource.machine_frame_tier_3\"}]},\"clickEvent\":{\"action\":\"run_command\",\"value\":\"/trigger mechanization.manual set 2031\"}},{\"translate\":\"offset.-105\",\"font\":\"space:default\",\"with\":[ {\"text\":\"\uef09\",\"font\":\"mechanization:manual\"}]},{\"translate\":\"offset.47\",\"font\":\"space:default\",\"with\":[ {\"text\":\"\uee04\",\"font\":\"mechanization:manual\"}]},{\"text\":\"\n\"},{\"translate\":\"mech.manual.lightning_generator.body\",\"color\":\"black\"},{\"text\":\"           \"},{\"text\":\"\uee0e\",\"clickEvent\":{\"action\":\"change_page\",\"value\":2}}]','[{\"text\":\"\",\"bold\":false,\"underlined\":false,\"font\":\"mechanization:manual\",\"color\":\"black\"},{\"translate\":\"mech.manual.upgrades_page\",\"underlined\":true},{\"translate\":\"mech.item.machine_upgrade\",\"bold\":true,\"color\":\"gray\"},{\"text\":\":\n\",\"color\":\"gray\"},{\"translate\":\"mech.manual.lightning_generator.machine_upgrade\"},{\"translate\":\"mech.item.ender_upgrade\",\"bold\":true,\"color\":\"dark_purple\"},{\"text\":\":\n\",\"color\":\"dark_purple\"},{\"translate\":\"mech.manual.lightning_generator.ender_upgrade\"},{\"translate\":\"mech.item.nether_upgrade\",\"bold\":true,\"color\":\"dark_red\"},{\"text\":\":\n\",\"color\":\"dark_red\"},{\"translate\":\"mech.manual.lightning_generator.nether_upgrade\"}]','[{\"text\":\"\",\"bold\":false,\"font\":\"mechanization:manual\",\"color\":\"white\"},{\"text\":\"\uee03\",\"hoverEvent\":{\"action\":\"show_text\",\"contents\":[ {\"translate\":\"mech.manual.recipe\"},{\"text\":\"\uef0d\",\"font\":\"mechanization:manual\"},{\"translate\":\"offset.-2\",\"font\":\"space:default\",\"with\":[ {\"text\":\"\uef0e\",\"font\":\"mechanization:manual\"}]},{\"text\":\"\n\n\n\n\n\n\"},{\"text\":\"\n x4 \"},{\"translate\":\"item.minecraft.ender_eye\"},{\"text\":\"\n x2 \"},{\"translate\":\"mech.plate.super_conductive\"},{\"text\":\"\n x1 \"},{\"translate\":\"mech.gem.crystal_composite\"},{\"text\":\"\n x1 \"},{\"translate\":\"mech.gear.ender_alloy\"},{\"text\":\"\n x1 \"},{\"translate\":\"mech.resource.machine_frame_tier_3\"}]},\"clickEvent\":{\"action\":\"run_command\",\"value\":\"/trigger mechanization.manual set 2017\"}},{\"translate\":\"offset.-105\",\"font\":\"space:default\",\"with\":[ {\"text\":\"\uef0c\",\"font\":\"mechanization:manual\"}]},{\"translate\":\"offset.47\",\"font\":\"space:default\",\"with\":[ {\"text\":\"\uee04\",\"font\":\"mechanization:manual\"}]},{\"text\":\"\n\"},{\"translate\":\"mech.manual.teleporter.body\",\"color\":\"black\"},{\"text\":\"           \"},{\"text\":\"\uee0e\",\"clickEvent\":{\"action\":\"change_page\",\"value\":2}}]','[{\"text\":\"\",\"bold\":false,\"underlined\":false,\"font\":\"mechanization:manual\",\"color\":\"black\"},{\"translate\":\"mech.manual.upgrades_page\",\"underlined\":true},{\"translate\":\"mech.item.machine_upgrade\",\"bold\":true,\"color\":\"gray\"},{\"text\":\":\n\",\"color\":\"gray\"},{\"translate\":\"mech.manual.teleporter.machine_upgrade\"},{\"translate\":\"mech.item.ender_upgrade\",\"bold\":true,\"color\":\"dark_purple\"},{\"text\":\":\n\",\"color\":\"dark_purple\"},{\"translate\":\"mech.manual.teleporter.ender_upgrade\"},{\"translate\":\"mech.item.nether_upgrade\",\"bold\":true,\"color\":\"dark_red\"},{\"text\":\":\n\",\"color\":\"dark_red\"},{\"translate\":\"mech.manual.teleporter.nether_upgrade\"}]','[{\"text\":\"\",\"bold\":false,\"font\":\"mechanization:manual\",\"color\":\"white\"},{\"text\":\"\uee03\",\"hoverEvent\":{\"action\":\"show_text\",\"contents\":[ {\"translate\":\"mech.manual.recipe\"},{\"text\":\"\uef10\",\"font\":\"mechanization:manual\"},{\"translate\":\"offset.-2\",\"font\":\"space:default\",\"with\":[ {\"text\":\"\uef11\",\"font\":\"mechanization:manual\"}]},{\"text\":\"\n\n\n\n\n\n\"},{\"text\":\"\n x4 \"},{\"translate\":\"block.minecraft.crying_obsidian\"},{\"text\":\"\n x2 \"},{\"translate\":\"mech.gear.super_conductive\"},{\"text\":\"\n x2 \"},{\"translate\":\"mech.gem.crystal_composite\"},{\"text\":\"\n x1 \"},{\"translate\":\"mech.resource.machine_frame_tier_3\"}]},\"clickEvent\":{\"action\":\"run_command\",\"value\":\"/trigger mechanization.manual set 2016\"}},{\"translate\":\"offset.-105\",\"font\":\"space:default\",\"with\":[ {\"text\":\"\uef0f\",\"font\":\"mechanization:manual\"}]},{\"translate\":\"offset.47\",\"font\":\"space:default\",\"with\":[ {\"text\":\"\uee04\",\"font\":\"mechanization:manual\"}]},{\"text\":\"\n\"},{\"translate\":\"mech.manual.enchanting_station.body\",\"color\":\"black\"},{\"text\":\"           \"},{\"text\":\"\uee0e\",\"clickEvent\":{\"action\":\"change_page\",\"value\":2}}]','[{\"text\":\"\",\"bold\":false,\"underlined\":false,\"font\":\"mechanization:manual\",\"color\":\"black\"},{\"translate\":\"mech.manual.upgrades_page\",\"underlined\":true},{\"translate\":\"mech.item.machine_upgrade\",\"bold\":true,\"color\":\"gray\"},{\"text\":\":\n\",\"color\":\"gray\"},{\"translate\":\"mech.manual.enchanting_station.machine_upgrade\"},{\"translate\":\"mech.item.ender_upgrade\",\"bold\":true,\"color\":\"dark_purple\"},{\"text\":\":\n\",\"color\":\"dark_purple\"},{\"translate\":\"mech.manual.enchanting_station.ender_upgrade\"},{\"translate\":\"mech.item.nether_upgrade\",\"bold\":true,\"color\":\"dark_red\"},{\"text\":\":\n\",\"color\":\"dark_red\"},{\"translate\":\"mech.manual.enchanting_station.nether_upgrade\"}]','[{\"text\":\"\",\"bold\":false,\"font\":\"mechanization:manual\",\"color\":\"white\"},{\"text\":\"\uee03\",\"hoverEvent\":{\"action\":\"show_text\",\"contents\":[ {\"translate\":\"mech.manual.recipe\"},{\"text\":\"\uef13\",\"font\":\"mechanization:manual\"},{\"translate\":\"offset.-2\",\"font\":\"space:default\",\"with\":[ {\"text\":\"\uef14\",\"font\":\"mechanization:manual\"}]},{\"text\":\"\n\n\n\n\n\n\"},{\"text\":\"\n x4 \"},{\"translate\":\"block.minecraft.wither_skeleton_skull\"},{\"text\":\"\n x2 \"},{\"translate\":\"mech.rod.super_conductive\"},{\"text\":\"\n x2 \"},{\"translate\":\"mech.ingot.nether_alloy\"},{\"text\":\"\n x1 \"},{\"translate\":\"mech.resource.machine_frame_tier_3\"}]},\"clickEvent\":{\"action\":\"run_command\",\"value\":\"/trigger mechanization.manual set 2019\"}},{\"translate\":\"offset.-105\",\"font\":\"space:default\",\"with\":[ {\"text\":\"\uef12\",\"font\":\"mechanization:manual\"}]},{\"translate\":\"offset.47\",\"font\":\"space:default\",\"with\":[ {\"text\":\"\uee04\",\"font\":\"mechanization:manual\"}]},{\"text\":\"\n\"},{\"translate\":\"mech.manual.spawner_controller.body\",\"color\":\"black\"},{\"text\":\"           \"},{\"text\":\"\uee0e\",\"clickEvent\":{\"action\":\"change_page\",\"value\":2}}]','[{\"text\":\"\",\"bold\":false,\"underlined\":false,\"font\":\"mechanization:manual\",\"color\":\"black\"},{\"translate\":\"mech.manual.upgrades_page\",\"underlined\":true},{\"translate\":\"mech.item.machine_upgrade\",\"bold\":true,\"color\":\"gray\"},{\"text\":\":\n\",\"color\":\"gray\"},{\"translate\":\"mech.manual.spawner_controller.machine_upgrade\"},{\"translate\":\"mech.item.ender_upgrade\",\"bold\":true,\"color\":\"dark_purple\"},{\"text\":\":\n\",\"color\":\"dark_purple\"},{\"translate\":\"mech.manual.spawner_controller.ender_upgrade\"},{\"translate\":\"mech.item.nether_upgrade\",\"bold\":true,\"color\":\"dark_red\"},{\"text\":\":\n\",\"color\":\"dark_red\"},{\"translate\":\"mech.manual.spawner_controller.nether_upgrade\"}]','[{\"text\":\"\",\"bold\":false,\"font\":\"mechanization:manual\",\"color\":\"white\"},{\"text\":\"\uee03\",\"hoverEvent\":{\"action\":\"show_text\",\"contents\":[ {\"translate\":\"mech.manual.recipe\"},{\"text\":\"\uef16\",\"font\":\"mechanization:manual\"},{\"translate\":\"offset.-2\",\"font\":\"space:default\",\"with\":[ {\"text\":\"\uef17\",\"font\":\"mechanization:manual\"}]},{\"text\":\"\n\n\n\n\n\n\"},{\"text\":\"\n x4 \"},{\"translate\":\"block.minecraft.iron_bars\"},{\"text\":\"\n x2 \"},{\"translate\":\"item.minecraft.shulker_shell\"},{\"text\":\"\n x2 \"},{\"translate\":\"mech.ingot.ender_alloy\"},{\"text\":\"\n x1 \"},{\"translate\":\"mech.ingot.nether_alloy\"}]},\"clickEvent\":{\"action\":\"run_command\",\"value\":\"/trigger mechanization.manual set 2100\"}},{\"translate\":\"offset.-105\",\"font\":\"space:default\",\"with\":[ {\"text\":\"\uef15\",\"font\":\"mechanization:manual\"}]},{\"translate\":\"offset.47\",\"font\":\"space:default\",\"with\":[ {\"text\":\"\uee04\",\"font\":\"mechanization:manual\"}]},{\"text\":\"\n\"},{\"translate\":\"mech.manual.spawner_mover.body\",\"color\":\"black\"},{\"text\":\"           \"},{\"text\":\"\uee0e\",\"clickEvent\":{\"action\":\"change_page\",\"value\":2}}]']}"
            }
          ]
        }
      ]
    }
  ]
}
