{
  "type": "minecraft:entity",
  "pools": [
    {
      "rolls": 1,
      "entries": [
        {
          "type": "minecraft:item",
		  "name": "minecraft:carrot_on_a_stick",
          "functions": [
            {
			  "function": "minecraft:set_name",
			  "name": {"translate":"mech.item.plasma_weapon","color":"dark_red","italic":false}
			},
			{
			  "function": "minecraft:set_lore",
			  "lore": [
			    [{"text":" 5 ","color":"dark_green","italic":"false"},{"translate":"mech.lore.damage"}],
			    [{"text":" 4 ","color":"dark_green","italic":"false"},{"translate":"mech.lore.fire_rate"}],
			    [{"text":" 6 ","color":"dark_green","italic":"false"},{"translate":"mech.lore.velocity"}],
			    [{"text":" 128 ","color":"dark_green","italic":"false"},{"translate":"mech.lore.epac_range"}],
			    [{"text":" 40 ","color":"dark_green","italic":"false"},{"translate":"mech.lore.heat"}],
			    [{"text":" 6 ","color":"dark_green","italic":"false"},{"translate":"mech.lore.cooling"}],
			    [{"text":" 20 ","color":"dark_green","italic":"false"},{"translate":"mech.lore.energy"}],
				{"translate":"mech.lore.added_by","color":"blue","italic":false}
			  ]
			},
			{
              "function": "minecraft:set_nbt",
              "tag":"{CustomModelData: 6424102, HideFlags: 6, Unbreakable:1b, mechanization:{id:\"epac\", upgrades:{type:4b, count:4b, items:[]}, epac:{energy:80, fire_rate:4, heat:36, recoil_x:6, recoil_y:6, damage:60, cooling:6, velocity:6, range:256, count:1, bouncy:1}} }"
            }
          ]
        }
      ]
    }
  ]
}