{
  "pools": [
    {
      "rolls": 1,
      "entries": [
        {
          "type": "item",
          "name": "minecraft:enchanted_book",
          "weight": 3,
          "functions": [
            {
              "function": "set_nbt",
              "tag": "{StoredCustomEnchantments:[{id:\"BrightVision\",lvl:1}],display:{Lore:[\"{\\\"translate\\\":\\\"Bright Vision\\\",\\\"color\\\":\\\"gray\\\",\\\"italic\\\":false}\", \"{\\\"translate\\\":\\\"► Helmet\\\",\\\"color\\\":\\\"blue\\\"}\"]}}"
            },
            {
              "function": "enchant_with_levels",
              "treasure": false,
              "levels": {
                "min": 20,
                "max": 30
              },
              "conditions": [
                {
                  "condition": "random_chance",
                  "chance": 0.75
                }
              ]
            }
          ]
        },
        {
          "type": "item",
          "name": "minecraft:enchanted_book",
          "weight": 2,
          "functions": [
            {
              "function": "set_nbt",
              "tag": "{StoredCustomEnchantments:[{id:\"Magnet\",lvl:1}],display:{Lore:[\"{\\\"translate\\\":\\\"Magnet\\\",\\\"color\\\":\\\"gray\\\",\\\"italic\\\":false}\", \"{\\\"translate\\\":\\\"► Helmet\\\",\\\"color\\\":\\\"blue\\\"}\"]}}"
            },
            {
              "function": "enchant_with_levels",
              "treasure": false,
              "levels": {
                "min": 20,
                "max": 30
              },
              "conditions": [
                {
                  "condition": "random_chance",
                  "chance": 0.75
                }
              ]
            }
          ]
        },
        {
          "type": "item",
          "name": "minecraft:enchanted_book",
          "weight": 4,
          "functions": [
            {
              "function": "set_nbt",
              "tag": "{StoredCustomEnchantments:[{id:\"PoisonAspect\",lvl:1}],display:{Lore:[\"{\\\"translate\\\":\\\"Poison Aspect I\\\",\\\"color\\\":\\\"gray\\\",\\\"italic\\\":false}\", \"{\\\"translate\\\":\\\"► Sword-Trident\\\",\\\"color\\\":\\\"red\\\"}\"]}}"
            },
            {
              "function": "enchant_with_levels",
              "treasure": false,
              "levels": {
                "min": 20,
                "max": 30
              },
              "conditions": [
                {
                  "condition": "random_chance",
                  "chance": 0.75
                }
              ]
            }
          ]
        },
        {
          "type": "item",
          "name": "minecraft:enchanted_book",
          "weight": 3,
          "functions": [
            {
              "function": "set_nbt",
              "tag": "{StoredCustomEnchantments:[{id:\"Leaping\",lvl:1}],display:{Lore:[\"{\\\"translate\\\":\\\"Leaping I\\\",\\\"color\\\":\\\"gray\\\",\\\"italic\\\":false}\", \"{\\\"translate\\\":\\\"► Leggings\\\",\\\"color\\\":\\\"blue\\\"}\"]}}"
            },
            {
              "function": "enchant_with_levels",
              "treasure": false,
              "levels": {
                "min": 20,
                "max": 30
              },
              "conditions": [
                {
                  "condition": "random_chance",
                  "chance": 0.75
                }
              ]
            }
          ]
        },
        {
          "type": "item",
          "name": "minecraft:enchanted_book",
          "weight": 3,
          "functions": [
            {
              "function": "set_nbt",
              "tag": "{StoredCustomEnchantments:[{id:\"Agility\",lvl:1}],display:{Lore:[\"{\\\"translate\\\":\\\"Agility I\\\",\\\"color\\\":\\\"gray\\\",\\\"italic\\\":false}\", \"{\\\"translate\\\":\\\"► Boots\\\",\\\"color\\\":\\\"blue\\\"}\"]}}"
            },
            {
              "function": "enchant_with_levels",
              "treasure": false,
              "levels": {
                "min": 20,
                "max": 30
              },
              "conditions": [
                {
                  "condition": "random_chance",
                  "chance": 0.75
                }
              ]
            }
          ]
        },
        {
          "type": "item",
          "name": "minecraft:enchanted_book",
          "weight": 3,
          "functions": [
            {
              "function": "set_nbt",
              "tag": "{StoredCustomEnchantments:[{id:\"LifePlus\",lvl:1}],display:{Lore:[\"{\\\"translate\\\":\\\"Life+ I\\\",\\\"color\\\":\\\"gray\\\",\\\"italic\\\":false}\", \"{\\\"translate\\\":\\\"► Chestplate\\\",\\\"color\\\":\\\"blue\\\"}\"]}}"
            },
            {
              "function": "enchant_with_levels",
              "treasure": false,
              "levels": {
                "min": 20,
                "max": 30
              },
              "conditions": [
                {
                  "condition": "random_chance",
                  "chance": 0.75
                }
              ]
            }
          ]
        },
        {
          "type": "item",
          "name": "minecraft:enchanted_book",
          "weight": 1,
          "functions": [
            {
              "function": "set_nbt",
              "tag": "{StoredCustomEnchantments:[{id:\"Explosive\",lvl:1}],display:{Lore:[\"{\\\"translate\\\":\\\"Explosive\\\",\\\"color\\\":\\\"gray\\\",\\\"italic\\\":false}\", \"{\\\"translate\\\":\\\"► Bow\\\",\\\"color\\\":\\\"red\\\"}\"]}}"
            },
            {
              "function": "enchant_with_levels",
              "treasure": false,
              "levels": {
                "min": 20,
                "max": 30
              },
              "conditions": [
                {
                  "condition": "random_chance",
                  "chance": 0.75
                }
              ]
            }
          ]
        },
        {
          "type": "item",
          "name": "minecraft:enchanted_book",
          "weight": 2,
          "functions": [
            {
              "function": "set_nbt",
              "tag": "{StoredCustomEnchantments:[{id:\"Haste\",lvl:1}],display:{Lore:[\"{\\\"translate\\\":\\\"Haste I\\\",\\\"color\\\":\\\"gray\\\",\\\"italic\\\":false}\", \"{\\\"translate\\\":\\\"► Pickaxe-Axe-Shovel\\\",\\\"color\\\":\\\"yellow\\\"}\"]}}"
            },
            {
              "function": "enchant_with_levels",
              "treasure": false,
              "levels": {
                "min": 20,
                "max": 30
              },
              "conditions": [
                {
                  "condition": "random_chance",
                  "chance": 0.75
                }
              ]
            }
          ]
        },
        {
          "type": "item",
          "name": "minecraft:enchanted_book",
          "weight": 3,
          "functions": [
            {
              "function": "set_nbt",
              "tag": "{StoredCustomEnchantments:[{id:\"Leaping\",lvl:2}],display:{Lore:[\"{\\\"translate\\\":\\\"Leaping II\\\",\\\"color\\\":\\\"gray\\\",\\\"italic\\\":false}\", \"{\\\"translate\\\":\\\"► Leggings\\\",\\\"color\\\":\\\"blue\\\"}\"]}}"
            },
            {
              "function": "enchant_with_levels",
              "treasure": false,
              "levels": {
                "min": 20,
                "max": 30
              },
              "conditions": [
                {
                  "condition": "random_chance",
                  "chance": 0.75
                }
              ]
            }
          ]
        },
        {
          "type": "item",
          "name": "minecraft:enchanted_book",
          "weight": 3,
          "functions": [
            {
              "function": "set_nbt",
              "tag": "{StoredCustomEnchantments:[{id:\"Agility\",lvl:2}],display:{Lore:[\"{\\\"translate\\\":\\\"Agility II\\\",\\\"color\\\":\\\"gray\\\",\\\"italic\\\":false}\", \"{\\\"translate\\\":\\\"► Boots\\\",\\\"color\\\":\\\"blue\\\"}\"]}}"
            },
            {
              "function": "enchant_with_levels",
              "treasure": false,
              "levels": {
                "min": 20,
                "max": 30
              },
              "conditions": [
                {
                  "condition": "random_chance",
                  "chance": 0.75
                }
              ]
            }
          ]
        },
        {
          "type": "item",
          "name": "minecraft:enchanted_book",
          "weight": 3,
          "functions": [
            {
              "function": "set_nbt",
              "tag": "{StoredCustomEnchantments:[{id:\"PoisonAspect\",lvl:2}],display:{Lore:[\"{\\\"translate\\\":\\\"Poison Aspect II\\\",\\\"color\\\":\\\"gray\\\",\\\"italic\\\":false}\", \"{\\\"translate\\\":\\\"► Sword-Trident\\\",\\\"color\\\":\\\"red\\\"}\"]}}"
            },
            {
              "function": "enchant_with_levels",
              "treasure": false,
              "levels": {
                "min": 20,
                "max": 30
              },
              "conditions": [
                {
                  "condition": "random_chance",
                  "chance": 0.75
                }
              ]
            }
          ]
        },
        {
          "type": "item",
          "name": "minecraft:enchanted_book",
          "weight": 1,
          "functions": [
            {
              "function": "set_nbt",
              "tag": "{StoredCustomEnchantments:[{id:\"SwimPlus\",lvl:1}],display:{Lore:[\"{\\\"translate\\\":\\\"Swim+\\\",\\\"color\\\":\\\"gray\\\",\\\"italic\\\":false}\", \"{\\\"translate\\\":\\\"► Leggings\\\",\\\"color\\\":\\\"blue\\\"}\"]}}"
            },
            {
              "function": "enchant_with_levels",
              "treasure": false,
              "levels": {
                "min": 20,
                "max": 30
              },
              "conditions": [
                {
                  "condition": "random_chance",
                  "chance": 0.75
                }
              ]
            }
          ]
        },
        {
          "type": "item",
          "name": "minecraft:enchanted_book",
          "weight": 3,
          "functions": [
            {
              "function": "set_nbt",
              "tag": "{StoredCustomEnchantments:[{id:\"AntiExplosion\",lvl:1}],display:{Lore:[\"{\\\"translate\\\":\\\"Anti-Explosion\\\",\\\"color\\\":\\\"gray\\\",\\\"italic\\\":false}\", \"{\\\"translate\\\":\\\"► Sword-Bow\\\",\\\"color\\\":\\\"red\\\"}\", \"{\\\"translate\\\":\\\"► Helmet\\\",\\\"color\\\":\\\"blue\\\"}\", \"{\\\"translate\\\":\\\"► Horse Armor\\\",\\\"color\\\":\\\"green\\\"}\"]}}"
            },
            {
              "function": "enchant_with_levels",
              "treasure": false,
              "levels": {
                "min": 20,
                "max": 30
              },
              "conditions": [
                {
                  "condition": "random_chance",
                  "chance": 0.75
                }
              ]
            }
          ]
        },
        {
          "type": "item",
          "name": "minecraft:enchanted_book",
          "weight": 2,
          "functions": [
            {
              "function": "set_nbt",
              "tag": "{StoredCustomEnchantments:[{id:\"AutoSmelt\",lvl:1}],display:{Lore:[\"{\\\"translate\\\":\\\"Auto-Smelt\\\",\\\"color\\\":\\\"gray\\\",\\\"italic\\\":false}\", \"{\\\"translate\\\":\\\"► Pickaxe-Axe-Shovel\\\",\\\"color\\\":\\\"yellow\\\"}\"]}}"
            },
            {
              "function": "enchant_with_levels",
              "treasure": false,
              "levels": {
                "min": 20,
                "max": 30
              },
              "conditions": [
                {
                  "condition": "random_chance",
                  "chance": 0.75
                }
              ]
            }
          ]
        },
        {
          "type": "item",
          "name": "minecraft:enchanted_book",
          "weight": 2,
          "functions": [
            {
              "function": "set_nbt",
              "tag": "{StoredCustomEnchantments:[{id:\"AccuracyShot\",lvl:1}],display:{Lore:[\"{\\\"translate\\\":\\\"Accuracy Shot\\\",\\\"color\\\":\\\"gray\\\",\\\"italic\\\":false}\", \"{\\\"translate\\\":\\\"► Bow-Crossbow\\\",\\\"color\\\":\\\"red\\\"}\"]}}"
            },
            {
              "function": "enchant_with_levels",
              "treasure": false,
              "levels": {
                "min": 20,
                "max": 30
              },
              "conditions": [
                {
                  "condition": "random_chance",
                  "chance": 0.75
                }
              ]
            }
          ]
        },
        {
          "type": "item",
          "name": "minecraft:enchanted_book",
          "weight": 2,
          "functions": [
            {
              "function": "set_nbt",
              "tag": "{StoredCustomEnchantments:[{id:\"LavaWalker\",lvl:1}],display:{Lore:[\"{\\\"translate\\\":\\\"Lava Walker\\\",\\\"color\\\":\\\"gray\\\",\\\"italic\\\":false}\", \"{\\\"translate\\\":\\\"► Boots\\\",\\\"color\\\":\\\"blue\\\"}\", \"{\\\"translate\\\":\\\"► Horse Armor\\\",\\\"color\\\":\\\"green\\\"}\"]}}"
            },
            {
              "function": "enchant_with_levels",
              "treasure": false,
              "levels": {
                "min": 20,
                "max": 30
              },
              "conditions": [
                {
                  "condition": "random_chance",
                  "chance": 0.75
                }
              ]
            }
          ]
        },
        {
          "type": "item",
          "name": "minecraft:enchanted_book",
          "weight": 3,
          "functions": [
            {
              "function": "set_nbt",
              "tag": "{StoredCustomEnchantments:[{id:\"AntiVenom\",lvl:1}],display:{Lore:[\"{\\\"translate\\\":\\\"Anti-Venom I\\\",\\\"color\\\":\\\"gray\\\",\\\"italic\\\":false}\", \"{\\\"translate\\\":\\\"► Chestplate\\\",\\\"color\\\":\\\"blue\\\"}\", \"{\\\"translate\\\":\\\"► Horse Armor\\\",\\\"color\\\":\\\"green\\\"}\"]}}"
            },
            {
              "function": "enchant_with_levels",
              "treasure": false,
              "levels": {
                "min": 20,
                "max": 30
              },
              "conditions": [
                {
                  "condition": "random_chance",
                  "chance": 0.75
                }
              ]
            }
          ]
        },
        {
          "type": "item",
          "name": "minecraft:enchanted_book",
          "weight": 2,
          "functions": [
            {
              "function": "set_nbt",
              "tag": "{StoredCustomEnchantments:[{id:\"TimeBreaker\",lvl:1}],display:{Lore:[\"{\\\"translate\\\":\\\"Time Breaker I\\\",\\\"color\\\":\\\"gray\\\",\\\"italic\\\":false}\", \"{\\\"translate\\\":\\\"► Helmet\\\",\\\"color\\\":\\\"blue\\\"}\"]}}"
            },
            {
              "function": "enchant_with_levels",
              "treasure": false,
              "levels": {
                "min": 20,
                "max": 30
              },
              "conditions": [
                {
                  "condition": "random_chance",
                  "chance": 0.75
                }
              ]
            }
          ]
        },
        {
          "type": "item",
          "name": "minecraft:enchanted_book",
          "weight": 2,
          "functions": [
            {
              "function": "set_nbt",
              "tag": "{StoredCustomEnchantments:[{id:\"Agility\",lvl:3}],display:{Lore:[\"{\\\"translate\\\":\\\"Agility III\\\",\\\"color\\\":\\\"gray\\\",\\\"italic\\\":false}\", \"{\\\"translate\\\":\\\"► Boots\\\",\\\"color\\\":\\\"blue\\\"}\"]}}"
            },
            {
              "function": "enchant_with_levels",
              "treasure": false,
              "levels": {
                "min": 20,
                "max": 30
              },
              "conditions": [
                {
                  "condition": "random_chance",
                  "chance": 0.75
                }
              ]
            }
          ]
        },
        {
          "type": "item",
          "name": "minecraft:enchanted_book",
          "weight": 1,
          "functions": [
            {
              "function": "set_nbt",
              "tag": "{StoredCustomEnchantments:[{id:\"PoisonAspect\",lvl:3}],display:{Lore:[\"{\\\"translate\\\":\\\"Poison Aspect III\\\",\\\"color\\\":\\\"gray\\\",\\\"italic\\\":false}\", \"{\\\"translate\\\":\\\"► Sword-Trident\\\",\\\"color\\\":\\\"red\\\"}\"]}}"
            },
            {
              "function": "enchant_with_levels",
              "treasure": false,
              "levels": {
                "min": 20,
                "max": 30
              },
              "conditions": [
                {
                  "condition": "random_chance",
                  "chance": 0.75
                }
              ]
            }
          ]
        },
        {
          "type": "item",
          "name": "minecraft:enchanted_book",
          "weight": 2,
          "functions": [
            {
              "function": "set_nbt",
              "tag": "{StoredCustomEnchantments:[{id:\"Leaping\",lvl:3}],display:{Lore:[\"{\\\"translate\\\":\\\"Leaping III\\\",\\\"color\\\":\\\"gray\\\",\\\"italic\\\":false}\", \"{\\\"translate\\\":\\\"► Leggings\\\",\\\"color\\\":\\\"blue\\\"}\"]}}"
            },
            {
              "function": "enchant_with_levels",
              "treasure": false,
              "levels": {
                "min": 20,
                "max": 30
              },
              "conditions": [
                {
                  "condition": "random_chance",
                  "chance": 0.75
                }
              ]
            }
          ]
        },
        {
          "type": "item",
          "name": "minecraft:enchanted_book",
          "weight": 1,
          "functions": [
            {
              "function": "set_nbt",
              "tag": "{StoredCustomEnchantments:[{id:\"AntiVenom\",lvl:2}],display:{Lore:[\"{\\\"translate\\\":\\\"Anti-Venom II\\\",\\\"color\\\":\\\"gray\\\",\\\"italic\\\":false}\", \"{\\\"translate\\\":\\\"► Chestplate\\\",\\\"color\\\":\\\"blue\\\"}\", \"{\\\"translate\\\":\\\"► Horse Armor\\\",\\\"color\\\":\\\"green\\\"}\"]}}"
            },
            {
              "function": "enchant_with_levels",
              "treasure": false,
              "levels": {
                "min": 20,
                "max": 30
              },
              "conditions": [
                {
                  "condition": "random_chance",
                  "chance": 0.75
                }
              ]
            }
          ]
        },
        {
          "type": "item",
          "name": "minecraft:enchanted_book",
          "weight": 2,
          "functions": [
            {
              "function": "set_nbt",
              "tag": "{StoredCustomEnchantments:[{id:\"LifePlus\",lvl:2}],display:{Lore:[\"{\\\"translate\\\":\\\"Life+ II\\\",\\\"color\\\":\\\"gray\\\",\\\"italic\\\":false}\", \"{\\\"translate\\\":\\\"► Chestplate\\\",\\\"color\\\":\\\"blue\\\"}\"]}}"
            },
            {
              "function": "enchant_with_levels",
              "treasure": false,
              "levels": {
                "min": 20,
                "max": 30
              },
              "conditions": [
                {
                  "condition": "random_chance",
                  "chance": 0.75
                }
              ]
            }
          ]
        },
        {
          "type": "item",
          "name": "minecraft:enchanted_book",
          "weight": 3,
          "functions": [
            {
              "function": "set_nbt",
              "tag": "{StoredCustomEnchantments:[{id:\"XpBoost\",lvl:1}],display:{Lore:[\"{\\\"translate\\\":\\\"Xp Boost I\\\",\\\"color\\\":\\\"gray\\\",\\\"italic\\\":false}\", \"{\\\"translate\\\":\\\"► Sword-Trident\\\",\\\"color\\\":\\\"red\\\"}\", \"{\\\"translate\\\":\\\"► Axe\\\",\\\"color\\\":\\\"yellow\\\"}\"]}}"
            },
            {
              "function": "enchant_with_levels",
              "treasure": false,
              "levels": {
                "min": 20,
                "max": 30
              },
              "conditions": [
                {
                  "condition": "random_chance",
                  "chance": 0.75
                }
              ]
            }
          ]
        },
        {
          "type": "item",
          "name": "minecraft:enchanted_book",
          "weight": 3,
          "functions": [
            {
              "function": "set_nbt",
              "tag": "{StoredCustomEnchantments:[{id:\"XpBoost\",lvl:2}],display:{Lore:[\"{\\\"translate\\\":\\\"Xp Boost II\\\",\\\"color\\\":\\\"gray\\\",\\\"italic\\\":false}\", \"{\\\"translate\\\":\\\"► Sword-Trident\\\",\\\"color\\\":\\\"red\\\"}\", \"{\\\"translate\\\":\\\"► Axe\\\",\\\"color\\\":\\\"yellow\\\"}\"]}}"
            },
            {
              "function": "enchant_with_levels",
              "treasure": false,
              "levels": {
                "min": 20,
                "max": 30
              },
              "conditions": [
                {
                  "condition": "random_chance",
                  "chance": 0.75
                }
              ]
            }
          ]
        },
        {
          "type": "item",
          "name": "minecraft:enchanted_book",
          "weight": 3,
          "functions": [
            {
              "function": "set_nbt",
              "tag": "{StoredCustomEnchantments:[{id:\"XpBoost\",lvl:3}],display:{Lore:[\"{\\\"translate\\\":\\\"Xp Boost III\\\",\\\"color\\\":\\\"gray\\\",\\\"italic\\\":false}\", \"{\\\"translate\\\":\\\"► Sword-Trident\\\",\\\"color\\\":\\\"red\\\"}\", \"{\\\"translate\\\":\\\"► Axe\\\",\\\"color\\\":\\\"yellow\\\"}\"]}}"
            },
            {
              "function": "enchant_with_levels",
              "treasure": false,
              "levels": {
                "min": 20,
                "max": 30
              },
              "conditions": [
                {
                  "condition": "random_chance",
                  "chance": 0.75
                }
              ]
            }
          ]
        },
        {
          "type": "item",
          "name": "minecraft:enchanted_book",
          "weight": 1,
          "functions": [
            {
              "function": "set_nbt",
              "tag": "{StoredCustomEnchantments:[{id:\"LifePlus\",lvl:3}],display:{Lore:[\"{\\\"translate\\\":\\\"Life+ III\\\",\\\"color\\\":\\\"gray\\\",\\\"italic\\\":false}\", \"{\\\"translate\\\":\\\"► Chestplate\\\",\\\"color\\\":\\\"blue\\\"}\"]}}"
            },
            {
              "function": "enchant_with_levels",
              "treasure": false,
              "levels": {
                "min": 20,
                "max": 30
              },
              "conditions": [
                {
                  "condition": "random_chance",
                  "chance": 0.75
                }
              ]
            }
          ]
        },
        {
          "type": "item",
          "name": "minecraft:enchanted_book",
          "weight": 1,
          "functions": [
            {
              "function": "set_nbt",
              "tag": "{StoredCustomEnchantments:[{id:\"LifePlus\",lvl:4}],display:{Lore:[\"{\\\"translate\\\":\\\"Life+ IV\\\",\\\"color\\\":\\\"gray\\\",\\\"italic\\\":false}\", \"{\\\"translate\\\":\\\"► Chestplate\\\",\\\"color\\\":\\\"blue\\\"}\"]}}"
            },
            {
              "function": "enchant_with_levels",
              "treasure": false,
              "levels": {
                "min": 20,
                "max": 30
              },
              "conditions": [
                {
                  "condition": "random_chance",
                  "chance": 0.75
                }
              ]
            }
          ]
        },
        {
          "type": "item",
          "name": "minecraft:enchanted_book",
          "weight": 3,
          "functions": [
            {
              "function": "set_nbt",
              "tag": "{StoredCustomEnchantments:[{id:\"VeinMiner\",lvl:1}],display:{Lore:[\"{\\\"translate\\\":\\\"Vein Miner\\\",\\\"color\\\":\\\"gray\\\",\\\"italic\\\":false}\", \"{\\\"translate\\\":\\\"► Pickaxe\\\",\\\"color\\\":\\\"yellow\\\"}\"]}}"
            },
            {
              "function": "enchant_with_levels",
              "treasure": false,
              "levels": {
                "min": 20,
                "max": 30
              },
              "conditions": [
                {
                  "condition": "random_chance",
                  "chance": 0.75
                }
              ]
            }
          ]
        },
        {
          "type": "item",
          "name": "minecraft:enchanted_book",
          "weight": 1,
          "functions": [
            {
              "function": "set_nbt",
              "tag": "{StoredCustomEnchantments:[{id:\"LifePlus\",lvl:5}],display:{Lore:[\"{\\\"translate\\\":\\\"Life+ V\\\",\\\"color\\\":\\\"gray\\\",\\\"italic\\\":false}\", \"{\\\"translate\\\":\\\"► Chestplate\\\",\\\"color\\\":\\\"blue\\\"}\"]}}"
            },
            {
              "function": "enchant_with_levels",
              "treasure": false,
              "levels": {
                "min": 20,
                "max": 30
              },
              "conditions": [
                {
                  "condition": "random_chance",
                  "chance": 0.75
                }
              ]
            }
          ]
        },
        {
          "type": "item",
          "name": "minecraft:enchanted_book",
          "weight": 1,
          "functions": [
            {
              "function": "set_nbt",
              "tag": "{StoredCustomEnchantments:[{id:\"SkyWalk\",lvl:1}],display:{Lore:[\"{\\\"translate\\\":\\\"Sky Walk\\\",\\\"color\\\":\\\"gray\\\",\\\"italic\\\":false}\", \"{\\\"translate\\\":\\\"► Boots\\\",\\\"color\\\":\\\"blue\\\"}\"]}}"
            },
            {
              "function": "enchant_with_levels",
              "treasure": false,
              "levels": {
                "min": 20,
                "max": 30
              },
              "conditions": [
                {
                  "condition": "random_chance",
                  "chance": 0.75
                }
              ]
            }
          ]
        },
        {
          "type": "item",
          "name": "minecraft:enchanted_book",
          "weight": 1,
          "functions": [
            {
              "function": "set_nbt",
              "tag": "{StoredCustomEnchantments:[{id:\"MiningPlus\",lvl:1}],display:{Lore:[\"{\\\"translate\\\":\\\"Mining+\\\",\\\"color\\\":\\\"gray\\\",\\\"italic\\\":false}\", \"{\\\"translate\\\":\\\"► Pickaxe\\\",\\\"color\\\":\\\"yellow\\\"}\"]}}"
            },
            {
              "function": "enchant_with_levels",
              "treasure": false,
              "levels": {
                "min": 20,
                "max": 30
              },
              "conditions": [
                {
                  "condition": "random_chance",
                  "chance": 0.75
                }
              ]
            }
          ]
        },
        {
          "type": "item",
          "name": "minecraft:enchanted_book",
          "weight": 1,
          "functions": [
            {
              "function": "set_nbt",
              "tag": "{StoredCustomEnchantments:[{id:\"TimeBreaker\",lvl:2}],display:{Lore:[\"{\\\"translate\\\":\\\"Time Breaker II\\\",\\\"color\\\":\\\"gray\\\",\\\"italic\\\":false}\", \"{\\\"translate\\\":\\\"► Helmet\\\",\\\"color\\\":\\\"blue\\\"}\"]}}"
            },
            {
              "function": "enchant_with_levels",
              "treasure": false,
              "levels": {
                "min": 20,
                "max": 30
              },
              "conditions": [
                {
                  "condition": "random_chance",
                  "chance": 0.75
                }
              ]
            }
          ]
        },
        {
          "type": "item",
          "name": "minecraft:enchanted_book",
          "weight": 1,
          "functions": [
            {
              "function": "set_nbt",
              "tag": "{StoredCustomEnchantments:[{id:\"LifeSteal\",lvl:1}],display:{Lore:[\"{\\\"translate\\\":\\\"Life Steal\\\",\\\"color\\\":\\\"gray\\\",\\\"italic\\\":false}\", \"{\\\"translate\\\":\\\"► Sword\\\",\\\"color\\\":\\\"red\\\"}\"]}}"
            },
            {
              "function": "enchant_with_levels",
              "treasure": false,
              "levels": {
                "min": 20,
                "max": 30
              },
              "conditions": [
                {
                  "condition": "random_chance",
                  "chance": 0.75
                }
              ]
            }
          ]
        },
        {
          "type": "item",
          "name": "minecraft:enchanted_book",
          "weight": 2,
          "functions": [
            {
              "function": "set_nbt",
              "tag": "{StoredCustomEnchantments:[{id:\"AutoFeed\",lvl:1}],display:{Lore:[\"{\\\"translate\\\":\\\"Auto-Feed\\\",\\\"color\\\":\\\"gray\\\",\\\"italic\\\":false}\", \"{\\\"translate\\\":\\\"► Chestplate\\\",\\\"color\\\":\\\"blue\\\"}\"]}}"
            },
            {
              "function": "enchant_with_levels",
              "treasure": false,
              "levels": {
                "min": 20,
                "max": 30
              },
              "conditions": [
                {
                  "condition": "random_chance",
                  "chance": 0.75
                }
              ]
            }
          ]
        },
        {
          "type": "item",
          "name": "minecraft:enchanted_book",
          "weight": 2,
          "functions": [
            {
              "function": "set_nbt",
              "tag": "{StoredCustomEnchantments:[{id:\"BloodyBlade\",lvl:1}],display:{Lore:[\"{\\\"translate\\\":\\\"Bloody Blade\\\",\\\"color\\\":\\\"gray\\\",\\\"italic\\\":false}\", \"{\\\"translate\\\":\\\"► Sword\\\",\\\"color\\\":\\\"red\\\"}\"]}}"
            },
            {
              "function": "enchant_with_levels",
              "treasure": false,
              "levels": {
                "min": 20,
                "max": 30
              },
              "conditions": [
                {
                  "condition": "random_chance",
                  "chance": 0.75
                }
              ]
            }
          ]
        },
        {
          "type": "item",
          "name": "minecraft:enchanted_book",
          "weight": 2,
          "functions": [
            {
              "function": "set_nbt",
              "tag": "{StoredCustomEnchantments:[{id:\"AttackSpeed\",lvl:1}],display:{Lore:[\"{\\\"translate\\\":\\\"Attack Speed I\\\",\\\"color\\\":\\\"gray\\\",\\\"italic\\\":false}\", \"{\\\"translate\\\":\\\"► Sword-Trident\\\",\\\"color\\\":\\\"red\\\"}\"]}}"
            },
            {
              "function": "enchant_with_levels",
              "treasure": false,
              "levels": {
                "min": 20,
                "max": 30
              },
              "conditions": [
                {
                  "condition": "random_chance",
                  "chance": 0.75
                }
              ]
            }
          ]
        },
        {
          "type": "item",
          "name": "minecraft:enchanted_book",
          "weight": 2,
          "functions": [
            {
              "function": "set_nbt",
              "tag": "{StoredCustomEnchantments:[{id:\"AttackSpeed\",lvl:2}],display:{Lore:[\"{\\\"translate\\\":\\\"Attack Speed II\\\",\\\"color\\\":\\\"gray\\\",\\\"italic\\\":false}\", \"{\\\"translate\\\":\\\"► Sword-Trident\\\",\\\"color\\\":\\\"red\\\"}\"]}}"
            },
            {
              "function": "enchant_with_levels",
              "treasure": false,
              "levels": {
                "min": 20,
                "max": 30
              },
              "conditions": [
                {
                  "condition": "random_chance",
                  "chance": 0.75
                }
              ]
            }
          ]
        },
        {
          "type": "item",
          "name": "minecraft:enchanted_book",
          "weight": 2,
          "functions": [
            {
              "function": "set_nbt",
              "tag": "{StoredCustomEnchantments:[{id:\"AttackSpeed\",lvl:3}],display:{Lore:[\"{\\\"translate\\\":\\\"Attack Speed III\\\",\\\"color\\\":\\\"gray\\\",\\\"italic\\\":false}\", \"{\\\"translate\\\":\\\"► Sword-Trident\\\",\\\"color\\\":\\\"red\\\"}\"]}}"
            },
            {
              "function": "enchant_with_levels",
              "treasure": false,
              "levels": {
                "min": 20,
                "max": 30
              },
              "conditions": [
                {
                  "condition": "random_chance",
                  "chance": 0.75
                }
              ]
            }
          ]
        },
        {
          "type": "item",
          "name": "minecraft:enchanted_book",
          "weight": 2,
          "functions": [
            {
              "function": "set_nbt",
              "tag": "{StoredCustomEnchantments:[{id:\"LastLife\",lvl:1}],display:{Lore:[\"{\\\"translate\\\":\\\"Last Life\\\",\\\"color\\\":\\\"gray\\\",\\\"italic\\\":false}\", \"{\\\"translate\\\":\\\"► Leggings\\\",\\\"color\\\":\\\"blue\\\"}\"]}}"
            },
            {
              "function": "enchant_with_levels",
              "treasure": false,
              "levels": {
                "min": 20,
                "max": 30
              },
              "conditions": [
                {
                  "condition": "random_chance",
                  "chance": 0.75
                }
              ]
            }
          ]
        },
        {
          "type": "item",
          "name": "minecraft:enchanted_book",
          "weight": 2,
          "functions": [
            {
              "function": "set_nbt",
              "tag": "{StoredCustomEnchantments:[{id:\"AntiKnockback\",lvl:1}],display:{Lore:[\"{\\\"translate\\\":\\\"Anti-Knockback I\\\",\\\"color\\\":\\\"gray\\\",\\\"italic\\\":false}\", \"{\\\"translate\\\":\\\"► Shield\\\",\\\"color\\\":\\\"blue\\\"}\"]}}"
            },
            {
              "function": "enchant_with_levels",
              "treasure": false,
              "levels": {
                "min": 20,
                "max": 30
              },
              "conditions": [
                {
                  "condition": "random_chance",
                  "chance": 0.75
                }
              ]
            }
          ]
        },
        {
          "type": "item",
          "name": "minecraft:enchanted_book",
          "weight": 2,
          "functions": [
            {
              "function": "set_nbt",
              "tag": "{StoredCustomEnchantments:[{id:\"AntiKnockback\",lvl:2}],display:{Lore:[\"{\\\"translate\\\":\\\"Anti-Knockback II\\\",\\\"color\\\":\\\"gray\\\",\\\"italic\\\":false}\", \"{\\\"translate\\\":\\\"► Shield\\\",\\\"color\\\":\\\"blue\\\"}\"]}}"
            },
            {
              "function": "enchant_with_levels",
              "treasure": false,
              "levels": {
                "min": 20,
                "max": 30
              },
              "conditions": [
                {
                  "condition": "random_chance",
                  "chance": 0.75
                }
              ]
            }
          ]
        },
        {
          "type": "item",
          "name": "minecraft:enchanted_book",
          "weight": 1,
          "functions": [
            {
              "function": "set_nbt",
              "tag": "{StoredCustomEnchantments:[{id:\"Timber\",lvl:1}],display:{Lore:[\"{\\\"translate\\\":\\\"Timber\\\",\\\"color\\\":\\\"gray\\\",\\\"italic\\\":false}\", \"{\\\"translate\\\":\\\"► Axe\\\",\\\"color\\\":\\\"yellow\\\"}\"]}}"
            },
            {
              "function": "enchant_with_levels",
              "treasure": false,
              "levels": {
                "min": 20,
                "max": 30
              },
              "conditions": [
                {
                  "condition": "random_chance",
                  "chance": 0.75
                }
              ]
            }
          ]
        },
        {
          "type": "item",
          "name": "minecraft:enchanted_book",
          "weight": 2,
          "functions": [
            {
              "function": "set_nbt",
              "tag": "{StoredCustomEnchantments:[{id:\"Haste\",lvl:2}],display:{Lore:[\"{\\\"translate\\\":\\\"Haste II\\\",\\\"color\\\":\\\"gray\\\",\\\"italic\\\":false}\", \"{\\\"translate\\\":\\\"► Pickaxe-Axe-Shovel\\\",\\\"color\\\":\\\"yellow\\\"}\"]}}"
            },
            {
              "function": "enchant_with_levels",
              "treasure": false,
              "levels": {
                "min": 20,
                "max": 30
              },
              "conditions": [
                {
                  "condition": "random_chance",
                  "chance": 0.75
                }
              ]
            }
          ]
        },
        {
          "type": "item",
          "name": "minecraft:enchanted_book",
          "weight": 1,
          "functions": [
            {
              "function": "set_nbt",
              "tag": "{StoredCustomEnchantments:[{id:\"Replant\",lvl:1}],display:{Lore:[\"{\\\"translate\\\":\\\"Replant\\\",\\\"color\\\":\\\"gray\\\",\\\"italic\\\":false}\", \"{\\\"translate\\\":\\\"► Hoe\\\",\\\"color\\\":\\\"yellow\\\"}\"]}}"
            },
            {
              "function": "enchant_with_levels",
              "treasure": false,
              "levels": {
                "min": 20,
                "max": 30
              },
              "conditions": [
                {
                  "condition": "random_chance",
                  "chance": 0.75
                }
              ]
            }
          ]
        },
        {
          "type": "item",
          "name": "minecraft:enchanted_book",
          "weight": 2,
          "functions": [
            {
              "function": "set_nbt",
              "tag": "{StoredCustomEnchantments:[{id:\"GrandTilling\",lvl:1}],display:{Lore:[\"{\\\"translate\\\":\\\"Grand Tilling\\\",\\\"color\\\":\\\"gray\\\",\\\"italic\\\":false}\", \"{\\\"translate\\\":\\\"► Hoe\\\",\\\"color\\\":\\\"yellow\\\"}\"]}}"
            },
            {
              "function": "enchant_with_levels",
              "treasure": false,
              "levels": {
                "min": 20,
                "max": 30
              },
              "conditions": [
                {
                  "condition": "random_chance",
                  "chance": 0.75
                }
              ]
            }
          ]
        },
        {
          "type": "item",
          "name": "minecraft:enchanted_book",
          "weight": 2,
          "functions": [
            {
              "function": "set_nbt",
              "tag": "{StoredCustomEnchantments:[{id:\"BigPath\",lvl:1}],display:{Lore:[\"{\\\"translate\\\":\\\"Big Path\\\",\\\"color\\\":\\\"gray\\\",\\\"italic\\\":false}\", \"{\\\"translate\\\":\\\"► Shovel\\\",\\\"color\\\":\\\"yellow\\\"}\"]}}"
            },
            {
              "function": "enchant_with_levels",
              "treasure": false,
              "levels": {
                "min": 20,
                "max": 30
              },
              "conditions": [
                {
                  "condition": "random_chance",
                  "chance": 0.75
                }
              ]
            }
          ]
        },
        {
          "type": "item",
          "name": "minecraft:enchanted_book",
          "weight": 1,
          "functions": [
            {
              "function": "set_nbt",
              "tag": "{StoredCustomEnchantments:[{id:\"Excavator\",lvl:1}],display:{Lore:[\"{\\\"translate\\\":\\\"Excavator\\\",\\\"color\\\":\\\"gray\\\",\\\"italic\\\":false}\", \"{\\\"translate\\\":\\\"► Shovel\\\",\\\"color\\\":\\\"yellow\\\"}\"]}}"
            },
            {
              "function": "enchant_with_levels",
              "treasure": false,
              "levels": {
                "min": 20,
                "max": 30
              },
              "conditions": [
                {
                  "condition": "random_chance",
                  "chance": 0.75
                }
              ]
            }
          ]
        },
        {
          "type": "item",
          "name": "minecraft:enchanted_book",
          "weight": 1,
          "functions": [
            {
              "function": "set_nbt",
              "tag": "{StoredCustomEnchantments:[{id:\"Chopping\",lvl:1}],display:{Lore:[\"{\\\"translate\\\":\\\"Chopping\\\",\\\"color\\\":\\\"gray\\\",\\\"italic\\\":false}\", \"{\\\"translate\\\":\\\"► Axe\\\",\\\"color\\\":\\\"yellow\\\"}\"]}}"
            },
            {
              "function": "enchant_with_levels",
              "treasure": false,
              "levels": {
                "min": 20,
                "max": 30
              },
              "conditions": [
                {
                  "condition": "random_chance",
                  "chance": 0.75
                }
              ]
            }
          ]
        },
        {
          "type": "item",
          "name": "minecraft:enchanted_book",
          "weight": 2,
          "functions": [
            {
              "function": "set_nbt",
              "tag": "{StoredCustomEnchantments:[{id:\"Arachnid\",lvl:1}],display:{Lore:[\"{\\\"translate\\\":\\\"Arachnid\\\",\\\"color\\\":\\\"gray\\\",\\\"italic\\\":false}\", \"{\\\"translate\\\":\\\"► Bow\\\",\\\"color\\\":\\\"red\\\"}\"]}}"
            },
            {
              "function": "enchant_with_levels",
              "treasure": false,
              "levels": {
                "min": 20,
                "max": 30
              },
              "conditions": [
                {
                  "condition": "random_chance",
                  "chance": 0.75
                }
              ]
            }
          ]
        },
        {
          "type": "item",
          "name": "minecraft:enchanted_book",
          "weight": 2,
          "functions": [
            {
              "function": "set_nbt",
              "tag": "{StoredCustomEnchantments:[{id:\"ShockFangs\",lvl:1}],display:{Lore:[\"{\\\"translate\\\":\\\"Shock Fangs\\\",\\\"color\\\":\\\"gray\\\",\\\"italic\\\":false}\", \"{\\\"translate\\\":\\\"► Crossbow\\\",\\\"color\\\":\\\"red\\\"}\"]}}"
            },
            {
              "function": "enchant_with_levels",
              "treasure": false,
              "levels": {
                "min": 20,
                "max": 30
              },
              "conditions": [
                {
                  "condition": "random_chance",
                  "chance": 0.75
                }
              ]
            }
          ]
        },
        {
          "type": "item",
          "name": "minecraft:enchanted_book",
          "weight": 3,
          "functions": [
            {
              "function": "set_nbt",
              "tag": "{StoredCustomEnchantments:[{id:\"Sniper\",lvl:1}],display:{Lore:[\"{\\\"translate\\\":\\\"Sniper\\\",\\\"color\\\":\\\"gray\\\",\\\"italic\\\":false}\", \"{\\\"translate\\\":\\\"► Crossbow\\\",\\\"color\\\":\\\"red\\\"}\"]}}"
            },
            {
              "function": "enchant_with_levels",
              "treasure": false,
              "levels": {
                "min": 20,
                "max": 30
              },
              "conditions": [
                {
                  "condition": "random_chance",
                  "chance": 0.75
                }
              ]
            }
          ]
        },
        {
          "type": "item",
          "name": "minecraft:enchanted_book",
          "weight": 2,
          "functions": [
            {
              "function": "set_nbt",
              "tag": "{StoredCustomEnchantments:[{id:\"FireballWave\",lvl:1}],display:{Lore:[\"{\\\"translate\\\":\\\"Fireball Wave\\\",\\\"color\\\":\\\"gray\\\",\\\"italic\\\":false}\", \"{\\\"translate\\\":\\\"► Crossbow\\\",\\\"color\\\":\\\"red\\\"}\"]}}"
            },
            {
              "function": "enchant_with_levels",
              "treasure": false,
              "levels": {
                "min": 20,
                "max": 30
              },
              "conditions": [
                {
                  "condition": "random_chance",
                  "chance": 0.75
                }
              ]
            }
          ]
        },
        {
          "type": "item",
          "name": "minecraft:enchanted_book",
          "weight": 2,
          "functions": [
            {
              "function": "set_nbt",
              "tag": "{StoredCustomEnchantments:[{id:\"Recovery\",lvl:1}],display:{Lore:[\"{\\\"translate\\\":\\\"Recovery I\\\",\\\"color\\\":\\\"gray\\\",\\\"italic\\\":false}\", \"{\\\"translate\\\":\\\"► Leggings\\\",\\\"color\\\":\\\"blue\\\"}\", \"{\\\"translate\\\":\\\"► Horse Armor\\\",\\\"color\\\":\\\"green\\\"}\"]}}"
            },
            {
              "function": "enchant_with_levels",
              "treasure": false,
              "levels": {
                "min": 20,
                "max": 30
              },
              "conditions": [
                {
                  "condition": "random_chance",
                  "chance": 0.75
                }
              ]
            }
          ]
        },
        {
          "type": "item",
          "name": "minecraft:enchanted_book",
          "weight": 3,
          "functions": [
            {
              "function": "set_nbt",
              "tag": "{StoredCustomEnchantments:[{id:\"Recovery\",lvl:2}],display:{Lore:[\"{\\\"translate\\\":\\\"Recovery II\\\",\\\"color\\\":\\\"gray\\\",\\\"italic\\\":false}\", \"{\\\"translate\\\":\\\"► Leggings\\\",\\\"color\\\":\\\"blue\\\"}\", \"{\\\"translate\\\":\\\"► Horse Armor\\\",\\\"color\\\":\\\"green\\\"}\"]}}"
            },
            {
              "function": "enchant_with_levels",
              "treasure": false,
              "levels": {
                "min": 20,
                "max": 30
              },
              "conditions": [
                {
                  "condition": "random_chance",
                  "chance": 0.75
                }
              ]
            }
          ]
        },
        {
          "type": "item",
          "name": "minecraft:enchanted_book",
          "weight": 1,
          "functions": [
            {
              "function": "set_nbt",
              "tag": "{StoredCustomEnchantments:[{id:\"LastStand\",lvl:1}],display:{Lore:[\"{\\\"translate\\\":\\\"Last Stand\\\",\\\"color\\\":\\\"gray\\\",\\\"italic\\\":false}\", \"{\\\"translate\\\":\\\"► Sword\\\",\\\"color\\\":\\\"red\\\"}\"]}}"
            },
            {
              "function": "enchant_with_levels",
              "treasure": false,
              "levels": {
                "min": 20,
                "max": 30
              },
              "conditions": [
                {
                  "condition": "random_chance",
                  "chance": 0.75
                }
              ]
            }
          ]
        },
        {
          "type": "item",
          "name": "minecraft:enchanted_book",
          "weight": 2,
          "functions": [
            {
              "function": "set_nbt",
              "tag": "{StoredCustomEnchantments:[{id:\"HarvestingPlus\",lvl:1}],display:{Lore:[\"{\\\"translate\\\":\\\"Harvesting+\\\",\\\"color\\\":\\\"gray\\\",\\\"italic\\\":false}\", \"{\\\"translate\\\":\\\"► Hoe\\\",\\\"color\\\":\\\"yellow\\\"}\"]}}"
            },
            {
              "function": "enchant_with_levels",
              "treasure": false,
              "levels": {
                "min": 20,
                "max": 30
              },
              "conditions": [
                {
                  "condition": "random_chance",
                  "chance": 0.75
                }
              ]
            }
          ]
        },
        {
          "type": "item",
          "name": "minecraft:enchanted_book",
          "weight": 2,
          "functions": [
            {
              "function": "set_nbt",
              "tag": "{StoredCustomEnchantments:[{id:\"FlamingSkin\",lvl:1}],display:{Lore:[\"{\\\"translate\\\":\\\"Flaming Skin\\\",\\\"color\\\":\\\"gray\\\",\\\"italic\\\":false}\", \"{\\\"translate\\\":\\\"► Chestplate\\\",\\\"color\\\":\\\"blue\\\"}\"]}}"
            },
            {
              "function": "enchant_with_levels",
              "treasure": false,
              "levels": {
                "min": 20,
                "max": 30
              },
              "conditions": [
                {
                  "condition": "random_chance",
                  "chance": 0.75
                }
              ]
            }
          ]
        },
        {
          "type": "item",
          "name": "minecraft:enchanted_book",
          "weight": 2,
          "functions": [
            {
              "function": "set_nbt",
              "tag": "{StoredCustomEnchantments:[{id:\"MarineGrace\",lvl:1}],display:{Lore:[\"{\\\"translate\\\":\\\"Marine Grace I\\\",\\\"color\\\":\\\"gray\\\",\\\"italic\\\":false}\", \"{\\\"translate\\\":\\\"► Trident\\\",\\\"color\\\":\\\"red\\\"}\"]}}"
            },
            {
              "function": "enchant_with_levels",
              "treasure": false,
              "levels": {
                "min": 20,
                "max": 30
              },
              "conditions": [
                {
                  "condition": "random_chance",
                  "chance": 0.75
                }
              ]
            }
          ]
        },
        {
          "type": "item",
          "name": "minecraft:enchanted_book",
          "weight": 2,
          "functions": [
            {
              "function": "set_nbt",
              "tag": "{StoredCustomEnchantments:[{id:\"MarineGrace\",lvl:2}],display:{Lore:[\"{\\\"translate\\\":\\\"Marine Grace II\\\",\\\"color\\\":\\\"gray\\\",\\\"italic\\\":false}\", \"{\\\"translate\\\":\\\"► Trident\\\",\\\"color\\\":\\\"red\\\"}\"]}}"
            },
            {
              "function": "enchant_with_levels",
              "treasure": false,
              "levels": {
                "min": 20,
                "max": 30
              },
              "conditions": [
                {
                  "condition": "random_chance",
                  "chance": 0.75
                }
              ]
            }
          ]
        },
        {
          "type": "item",
          "name": "minecraft:enchanted_book",
          "weight": 2,
          "functions": [
            {
              "function": "set_nbt",
              "tag": "{StoredCustomEnchantments:[{id:\"Waterjet\",lvl:1}],display:{Lore:[\"{\\\"translate\\\":\\\"Waterjet\\\",\\\"color\\\":\\\"gray\\\",\\\"italic\\\":false}\", \"{\\\"translate\\\":\\\"► Trident\\\",\\\"color\\\":\\\"red\\\"}\"]}}"
            },
            {
              "function": "enchant_with_levels",
              "treasure": false,
              "levels": {
                "min": 20,
                "max": 30
              },
              "conditions": [
                {
                  "condition": "random_chance",
                  "chance": 0.75
                }
              ]
            }
          ]
        },
        {
          "type": "item",
          "name": "minecraft:enchanted_book",
          "weight": 2,
          "functions": [
            {
              "function": "set_nbt",
              "tag": "{StoredCustomEnchantments:[{id:\"HardnessPlus\",lvl:1}],display:{Lore:[\"{\\\"translate\\\":\\\"Hardness+ I\\\",\\\"color\\\":\\\"gray\\\",\\\"italic\\\":false}\", \"{\\\"translate\\\":\\\"► Shield\\\",\\\"color\\\":\\\"blue\\\"}\"]}}"
            },
            {
              "function": "enchant_with_levels",
              "treasure": false,
              "levels": {
                "min": 20,
                "max": 30
              },
              "conditions": [
                {
                  "condition": "random_chance",
                  "chance": 0.75
                }
              ]
            }
          ]
        },
        {
          "type": "item",
          "name": "minecraft:enchanted_book",
          "weight": 2,
          "functions": [
            {
              "function": "set_nbt",
              "tag": "{StoredCustomEnchantments:[{id:\"HardnessPlus\",lvl:2}],display:{Lore:[\"{\\\"translate\\\":\\\"Hardness+ II\\\",\\\"color\\\":\\\"gray\\\",\\\"italic\\\":false}\", \"{\\\"translate\\\":\\\"► Shield\\\",\\\"color\\\":\\\"blue\\\"}\"]}}"
            },
            {
              "function": "enchant_with_levels",
              "treasure": false,
              "levels": {
                "min": 20,
                "max": 30
              },
              "conditions": [
                {
                  "condition": "random_chance",
                  "chance": 0.75
                }
              ]
            }
          ]
        },
        {
          "type": "item",
          "name": "minecraft:enchanted_book",
          "weight": 2,
          "functions": [
            {
              "function": "set_nbt",
              "tag": "{StoredCustomEnchantments:[{id:\"HardnessPlus\",lvl:3}],display:{Lore:[\"{\\\"translate\\\":\\\"Hardness+ III\\\",\\\"color\\\":\\\"gray\\\",\\\"italic\\\":false}\", \"{\\\"translate\\\":\\\"► Shield\\\",\\\"color\\\":\\\"blue\\\"}\"]}}"
            },
            {
              "function": "enchant_with_levels",
              "treasure": false,
              "levels": {
                "min": 20,
                "max": 30
              },
              "conditions": [
                {
                  "condition": "random_chance",
                  "chance": 0.75
                }
              ]
            }
          ]
        },
        {
          "type": "item",
          "name": "minecraft:enchanted_book",
          "weight": 2,
          "functions": [
            {
              "function": "set_nbt",
              "tag": "{StoredCustomEnchantments:[{id:\"Peaks\",lvl:1}],display:{Lore:[\"{\\\"translate\\\":\\\"Peaks\\\",\\\"color\\\":\\\"gray\\\",\\\"italic\\\":false}\", \"{\\\"translate\\\":\\\"► Shield\\\",\\\"color\\\":\\\"blue\\\"}\"]}}"
            },
            {
              "function": "enchant_with_levels",
              "treasure": false,
              "levels": {
                "min": 20,
                "max": 30
              },
              "conditions": [
                {
                  "condition": "random_chance",
                  "chance": 0.75
                }
              ]
            }
          ]
        },
        {
          "type": "item",
          "name": "minecraft:enchanted_book",
          "weight": 1,
          "functions": [
            {
              "function": "set_nbt",
              "tag": "{StoredCustomEnchantments:[{id:\"Multicolor\",lvl:1}],display:{Lore:[\"[{\\\"translate\\\":\\\"M\\\",\\\"color\\\":\\\"#E61F09\\\",\\\"italic\\\":false},{\\\"translate\\\":\\\"u\\\",\\\"color\\\":\\\"#E6630C\\\",\\\"italic\\\":false},{\\\"translate\\\":\\\"l\\\",\\\"color\\\":\\\"#F2EB0F\\\",\\\"italic\\\":false},{\\\"translate\\\":\\\"t\\\",\\\"color\\\":\\\"#8DE815\\\",\\\"italic\\\":false},{\\\"translate\\\":\\\"i\\\",\\\"color\\\":\\\"#13CF45\\\",\\\"italic\\\":false},{\\\"translate\\\":\\\"c\\\",\\\"color\\\":\\\"#19CFB1\\\",\\\"italic\\\":false},{\\\"translate\\\":\\\"o\\\",\\\"color\\\":\\\"#2689ED\\\",\\\"italic\\\":false},{\\\"translate\\\":\\\"l\\\",\\\"color\\\":\\\"#2923CF\\\",\\\"italic\\\":false},{\\\"translate\\\":\\\"o\\\",\\\"color\\\":\\\"#9125CF\\\",\\\"italic\\\":false},{\\\"translate\\\":\\\"r\\\",\\\"color\\\":\\\"#CF2EC4\\\",\\\"italic\\\":false}]\",\"{\\\"translate\\\":\\\"► Shears\\\",\\\"color\\\":\\\"green\\\"}\"]}}"
            },
            {
              "function": "enchant_with_levels",
              "treasure": false,
              "levels": {
                "min": 20,
                "max": 30
              },
              "conditions": [
                {
                  "condition": "random_chance",
                  "chance": 0.75
                }
              ]
            }
          ]
        },
        {
          "type": "item",
          "name": "minecraft:enchanted_book",
          "weight": 1,
          "functions": [
            {
              "function": "set_nbt",
              "tag": "{StoredCustomEnchantments:[{id:\"Armored\",lvl:1}],display:{Lore:[\"[{\\\"text\\\":\\\"✤ \\\",\\\"color\\\":\\\"light_purple\\\",\\\"italic\\\":false},{\\\"translate\\\":\\\"Armored I\\\",\\\"color\\\":\\\"dark_purple\\\",\\\"italic\\\":false},{\\\"text\\\":\\\" ✤\\\",\\\"color\\\":\\\"light_purple\\\",\\\"italic\\\":false}]\",\"{\\\"translate\\\":\\\"► Elytra\\\",\\\"color\\\":\\\"green\\\"}\"]}}"
            },
            {
              "function": "enchant_with_levels",
              "treasure": false,
              "levels": {
                "min": 20,
                "max": 30
              },
              "conditions": [
                {
                  "condition": "random_chance",
                  "chance": 0.75
                }
              ]
            }
          ]
        },
        {
          "type": "item",
          "name": "minecraft:enchanted_book",
          "weight": 2,
          "functions": [
            {
              "function": "set_nbt",
              "tag": "{StoredCustomEnchantments:[{id:\"SoulReaper\",lvl:1}],display:{Lore:[\"{\\\"translate\\\":\\\"Soul Reaper I\\\",\\\"color\\\":\\\"gray\\\",\\\"italic\\\":false}\", \"{\\\"translate\\\":\\\"► Hoe\\\",\\\"color\\\":\\\"yellow\\\"}\"]}}"
            },
            {
              "function": "enchant_with_levels",
              "treasure": false,
              "levels": {
                "min": 20,
                "max": 30
              },
              "conditions": [
                {
                  "condition": "random_chance",
                  "chance": 0.75
                }
              ]
            }
          ]
        },
        {
          "type": "item",
          "name": "minecraft:enchanted_book",
          "weight": 2,
          "functions": [
            {
              "function": "set_nbt",
              "tag": "{StoredCustomEnchantments:[{id:\"SoulReaper\",lvl:2}],display:{Lore:[\"{\\\"translate\\\":\\\"Soul Reaper II\\\",\\\"color\\\":\\\"gray\\\",\\\"italic\\\":false}\", \"{\\\"translate\\\":\\\"► Hoe\\\",\\\"color\\\":\\\"yellow\\\"}\"]}}"
            },
            {
              "function": "enchant_with_levels",
              "treasure": false,
              "levels": {
                "min": 20,
                "max": 30
              },
              "conditions": [
                {
                  "condition": "random_chance",
                  "chance": 0.75
                }
              ]
            }
          ]
        },
        {
          "type": "item",
          "name": "minecraft:enchanted_book",
          "weight": 1,
          "functions": [
            {
              "function": "set_nbt",
              "tag": "{StoredCustomEnchantments:[{id:\"SoulReaper\",lvl:3}],display:{Lore:[\"{\\\"translate\\\":\\\"Soul Reaper III\\\",\\\"color\\\":\\\"gray\\\",\\\"italic\\\":false}\", \"{\\\"translate\\\":\\\"► Hoe\\\",\\\"color\\\":\\\"yellow\\\"}\"]}}"
            },
            {
              "function": "enchant_with_levels",
              "treasure": false,
              "levels": {
                "min": 20,
                "max": 30
              },
              "conditions": [
                {
                  "condition": "random_chance",
                  "chance": 0.75
                }
              ]
            }
          ]
        },
        {
          "type": "item",
          "name": "minecraft:enchanted_book",
          "weight": 2,
          "functions": [
            {
              "function": "set_nbt",
              "tag": "{StoredCustomEnchantments:[{id:\"Scyther\",lvl:1}],display:{Lore:[\"{\\\"translate\\\":\\\"Scyther I\\\",\\\"color\\\":\\\"gray\\\",\\\"italic\\\":false}\", \"{\\\"translate\\\":\\\"► Hoe\\\",\\\"color\\\":\\\"yellow\\\"}\"]}}"
            },
            {
              "function": "enchant_with_levels",
              "treasure": false,
              "levels": {
                "min": 20,
                "max": 30
              },
              "conditions": [
                {
                  "condition": "random_chance",
                  "chance": 0.75
                }
              ]
            }
          ]
        },
        {
          "type": "item",
          "name": "minecraft:enchanted_book",
          "weight": 2,
          "functions": [
            {
              "function": "set_nbt",
              "tag": "{StoredCustomEnchantments:[{id:\"Scyther\",lvl:2}],display:{Lore:[\"{\\\"translate\\\":\\\"Scyther II\\\",\\\"color\\\":\\\"gray\\\",\\\"italic\\\":false}\", \"{\\\"translate\\\":\\\"► Hoe\\\",\\\"color\\\":\\\"yellow\\\"}\"]}}"
            },
            {
              "function": "enchant_with_levels",
              "treasure": false,
              "levels": {
                "min": 20,
                "max": 30
              },
              "conditions": [
                {
                  "condition": "random_chance",
                  "chance": 0.75
                }
              ]
            }
          ]
        },
        {
          "type": "item",
          "name": "minecraft:enchanted_book",
          "weight": 3,
          "functions": [
            {
              "function": "set_nbt",
              "tag": "{StoredCustomEnchantments:[{id:\"Transmission\",lvl:1}],display:{Lore:[\"{\\\"translate\\\":\\\"Transmission I\\\",\\\"color\\\":\\\"gray\\\",\\\"italic\\\":false}\", \"{\\\"translate\\\":\\\"► Axe\\\",\\\"color\\\":\\\"yellow\\\"}\"]}}"
            },
            {
              "function": "enchant_with_levels",
              "treasure": false,
              "levels": {
                "min": 20,
                "max": 30
              },
              "conditions": [
                {
                  "condition": "random_chance",
                  "chance": 0.75
                }
              ]
            }
          ]
        },
        {
          "type": "item",
          "name": "minecraft:enchanted_book",
          "weight": 3,
          "functions": [
            {
              "function": "set_nbt",
              "tag": "{StoredCustomEnchantments:[{id:\"Transmission\",lvl:2}],display:{Lore:[\"{\\\"translate\\\":\\\"Transmission II\\\",\\\"color\\\":\\\"gray\\\",\\\"italic\\\":false}\", \"{\\\"translate\\\":\\\"► Axe\\\",\\\"color\\\":\\\"yellow\\\"}\"]}}"
            },
            {
              "function": "enchant_with_levels",
              "treasure": false,
              "levels": {
                "min": 20,
                "max": 30
              },
              "conditions": [
                {
                  "condition": "random_chance",
                  "chance": 0.75
                }
              ]
            }
          ]
        },
        {
          "type": "item",
          "name": "minecraft:enchanted_book",
          "weight": 2,
          "functions": [
            {
              "function": "set_nbt",
              "tag": "{StoredCustomEnchantments:[{id:\"Transmission\",lvl:3}],display:{Lore:[\"{\\\"translate\\\":\\\"Transmission III\\\",\\\"color\\\":\\\"gray\\\",\\\"italic\\\":false}\", \"{\\\"translate\\\":\\\"► Axe\\\",\\\"color\\\":\\\"yellow\\\"}\"]}}"
            },
            {
              "function": "enchant_with_levels",
              "treasure": false,
              "levels": {
                "min": 20,
                "max": 30
              },
              "conditions": [
                {
                  "condition": "random_chance",
                  "chance": 0.75
                }
              ]
            }
          ]
        },
        {
          "type": "item",
          "name": "minecraft:enchanted_book",
          "weight": 2,
          "functions": [
            {
              "function": "set_nbt",
              "tag": "{StoredCustomEnchantments:[{id:\"Transmission\",lvl:4}],display:{Lore:[\"{\\\"translate\\\":\\\"Transmission IV\\\",\\\"color\\\":\\\"gray\\\",\\\"italic\\\":false}\", \"{\\\"translate\\\":\\\"► Axe\\\",\\\"color\\\":\\\"yellow\\\"}\"]}}"
            },
            {
              "function": "enchant_with_levels",
              "treasure": false,
              "levels": {
                "min": 20,
                "max": 30
              },
              "conditions": [
                {
                  "condition": "random_chance",
                  "chance": 0.75
                }
              ]
            }
          ]
        },
        {
          "type": "item",
          "name": "minecraft:enchanted_book",
          "weight": 1,
          "functions": [
            {
              "function": "set_nbt",
              "tag": "{StoredCustomEnchantments:[{id:\"Transmission\",lvl:5}],display:{Lore:[\"{\\\"translate\\\":\\\"Transmission V\\\",\\\"color\\\":\\\"gray\\\",\\\"italic\\\":false}\", \"{\\\"translate\\\":\\\"► Axe\\\",\\\"color\\\":\\\"yellow\\\"}\"]}}"
            },
            {
              "function": "enchant_with_levels",
              "treasure": false,
              "levels": {
                "min": 20,
                "max": 30
              },
              "conditions": [
                {
                  "condition": "random_chance",
                  "chance": 0.75
                }
              ]
            }
          ]
        },
        {
          "type": "item",
          "name": "minecraft:enchanted_book",
          "weight": 2,
          "functions": [
            {
              "function": "set_nbt",
              "tag": "{StoredCustomEnchantments:[{id:\"Splatter\",lvl:1}],display:{Lore:[\"[{\\\"text\\\":\\\"<≈≈| \\\",\\\"color\\\":\\\"dark_aqua\\\",\\\"bold\\\":true,\\\"italic\\\":false},{\\\"translate\\\":\\\"Splatter I\\\",\\\"color\\\":\\\"aqua\\\",\\\"bold\\\":false,\\\"italic\\\":false},{\\\"text\\\":\\\" |≈≈>\\\",\\\"color\\\":\\\"dark_aqua\\\",\\\"bold\\\":true,\\\"italic\\\":false}]\",\"{\\\"translate\\\":\\\"► Fishing Rod\\\",\\\"color\\\":\\\"green\\\"}\"]}}"
            },
            {
              "function": "enchant_with_levels",
              "treasure": false,
              "levels": {
                "min": 20,
                "max": 30
              },
              "conditions": [
                {
                  "condition": "random_chance",
                  "chance": 0.75
                }
              ]
            }
          ]
        },
        {
          "type": "item",
          "name": "minecraft:enchanted_book",
          "weight": 2,
          "functions": [
            {
              "function": "set_nbt",
              "tag": "{StoredCustomEnchantments:[{id:\"Splatter\",lvl:2}],display:{Lore:[\"[{\\\"text\\\":\\\"<≈≈| \\\",\\\"color\\\":\\\"dark_aqua\\\",\\\"bold\\\":true,\\\"italic\\\":false},{\\\"translate\\\":\\\"Splatter II\\\",\\\"color\\\":\\\"aqua\\\",\\\"bold\\\":false,\\\"italic\\\":false},{\\\"text\\\":\\\" |≈≈>\\\",\\\"color\\\":\\\"dark_aqua\\\",\\\"bold\\\":true,\\\"italic\\\":false}]\",\"{\\\"translate\\\":\\\"► Fishing Rod\\\",\\\"color\\\":\\\"green\\\"}\"]}}"
            },
            {
              "function": "enchant_with_levels",
              "treasure": false,
              "levels": {
                "min": 20,
                "max": 30
              },
              "conditions": [
                {
                  "condition": "random_chance",
                  "chance": 0.75
                }
              ]
            }
          ]
        },
        {
          "type": "item",
          "name": "minecraft:enchanted_book",
          "weight": 2,
          "functions": [
            {
              "function": "set_nbt",
              "tag": "{StoredCustomEnchantments:[{id:\"Striker\",lvl:1}],display:{Lore:[\"{\\\"translate\\\":\\\"Striker I\\\",\\\"color\\\":\\\"gray\\\",\\\"italic\\\":false}\", \"{\\\"translate\\\":\\\"► Axe\\\",\\\"color\\\":\\\"yellow\\\"}\"]}}"
            },
            {
              "function": "enchant_with_levels",
              "treasure": false,
              "levels": {
                "min": 20,
                "max": 30
              },
              "conditions": [
                {
                  "condition": "random_chance",
                  "chance": 0.75
                }
              ]
            }
          ]
        },
        {
          "type": "item",
          "name": "minecraft:enchanted_book",
          "weight": 2,
          "functions": [
            {
              "function": "set_nbt",
              "tag": "{StoredCustomEnchantments:[{id:\"Striker\",lvl:2}],display:{Lore:[\"{\\\"translate\\\":\\\"Striker II\\\",\\\"color\\\":\\\"gray\\\",\\\"italic\\\":false}\", \"{\\\"translate\\\":\\\"► Axe\\\",\\\"color\\\":\\\"yellow\\\"}\"]}}"
            },
            {
              "function": "enchant_with_levels",
              "treasure": false,
              "levels": {
                "min": 20,
                "max": 30
              },
              "conditions": [
                {
                  "condition": "random_chance",
                  "chance": 0.75
                }
              ]
            }
          ]
        },
        {
          "type": "item",
          "name": "minecraft:enchanted_book",
          "weight": 2,
          "functions": [
            {
              "function": "set_nbt",
              "tag": "{StoredCustomEnchantments:[{id:\"Striker\",lvl:3}],display:{Lore:[\"{\\\"translate\\\":\\\"Striker III\\\",\\\"color\\\":\\\"gray\\\",\\\"italic\\\":false}\", \"{\\\"translate\\\":\\\"► Axe\\\",\\\"color\\\":\\\"yellow\\\"}\"]}}"
            },
            {
              "function": "enchant_with_levels",
              "treasure": false,
              "levels": {
                "min": 20,
                "max": 30
              },
              "conditions": [
                {
                  "condition": "random_chance",
                  "chance": 0.75
                }
              ]
            }
          ]
        },
        {
          "type": "item",
          "name": "minecraft:enchanted_book",
          "weight": 2,
          "functions": [
            {
              "function": "set_nbt",
              "tag": "{StoredCustomEnchantments:[{id:\"TurtleStiffness\",lvl:2}],display:{Lore:[\"{\\\"translate\\\":\\\"Turtle Stiffness\\\",\\\"color\\\":\\\"gray\\\",\\\"italic\\\":false}\", \"{\\\"translate\\\":\\\"► Shield\\\",\\\"color\\\":\\\"blue\\\"}\"]}}"
            },
            {
              "function": "enchant_with_levels",
              "treasure": false,
              "levels": {
                "min": 20,
                "max": 30
              },
              "conditions": [
                {
                  "condition": "random_chance",
                  "chance": 0.75
                }
              ]
            }
          ]
        },
        {
          "type": "item",
          "name": "minecraft:enchanted_book",
          "weight": 2,
          "functions": [
            {
              "function": "set_nbt",
              "tag": "{StoredCustomEnchantments:[{id:\"Dasher\",lvl:1}],display:{Lore:[\"{\\\"translate\\\":\\\"Dasher I\\\",\\\"color\\\":\\\"gray\\\",\\\"italic\\\":false}\", \"{\\\"translate\\\":\\\"► Boots\\\",\\\"color\\\":\\\"blue\\\"}\"]}}"
            },
            {
              "function": "enchant_with_levels",
              "treasure": false,
              "levels": {
                "min": 20,
                "max": 23
              },
              "conditions": [
                {
                  "condition": "random_chance",
                  "chance": 0.75
                }
              ]
            }
          ]
        },
        {
          "type": "item",
          "name": "minecraft:enchanted_book",
          "weight": 2,
          "functions": [
            {
              "function": "set_nbt",
              "tag": "{StoredCustomEnchantments:[{id:\"Dasher\",lvl:2}],display:{Lore:[\"{\\\"translate\\\":\\\"Dasher II\\\",\\\"color\\\":\\\"gray\\\",\\\"italic\\\":false}\", \"{\\\"translate\\\":\\\"► Boots\\\",\\\"color\\\":\\\"blue\\\"}\"]}}"
            },
            {
              "function": "enchant_with_levels",
              "treasure": false,
              "levels": {
                "min": 20,
                "max": 23
              },
              "conditions": [
                {
                  "condition": "random_chance",
                  "chance": 0.75
                }
              ]
            }
          ]
        },
        {
          "type": "item",
          "name": "minecraft:enchanted_book",
          "weight": 3,
          "functions": [
            {
              "function": "set_nbt",
              "tag": "{StoredCustomCurse:[{id:\"Fragile\",lvl:1}],display:{Lore:[\"{\\\"translate\\\":\\\"Curse of Fragile\\\",\\\"color\\\":\\\"#FF4099\\\",\\\"italic\\\":false}\", \"{\\\"translate\\\":\\\"► Everything\\\",\\\"color\\\":\\\"white\\\"}\"]}}"
            },
            {
              "function": "enchant_with_levels",
              "treasure": false,
              "levels": {
                "min": 20,
                "max": 30
              },
              "conditions": [
                {
                  "condition": "random_chance",
                  "chance": 0.75
                }
              ]
            }
          ]
        },
        {
          "type": "item",
          "name": "minecraft:enchanted_book",
          "weight": 3,
          "functions": [
            {
              "function": "set_nbt",
              "tag": "{StoredCustomCurse:[{id:\"Sensitive\",lvl:1}],display:{Lore:[\"{\\\"translate\\\":\\\"Curse of Sensitive\\\",\\\"color\\\":\\\"#FF4099\\\",\\\"italic\\\":false}\", \"{\\\"translate\\\":\\\"► Armor - Elytra - Shield\\\",\\\"color\\\":\\\"white\\\"}\"]}}"
            },
            {
              "function": "enchant_with_levels",
              "treasure": false,
              "levels": {
                "min": 20,
                "max": 30
              },
              "conditions": [
                {
                  "condition": "random_chance",
                  "chance": 0.75
                }
              ]
            }
          ]
        },
        {
          "type": "item",
          "name": "minecraft:enchanted_book",
          "weight": 3,
          "functions": [
            {
              "function": "set_nbt",
              "tag": "{StoredCustomCurse:[{id:\"Slippery\",lvl:1}],display:{Lore:[\"{\\\"translate\\\":\\\"Curse of Slippery\\\",\\\"color\\\":\\\"#FF4099\\\",\\\"italic\\\":false}\", \"{\\\"translate\\\":\\\"► Tools - Weapons\\\",\\\"color\\\":\\\"white\\\"}\"]}}"
            },
            {
              "function": "enchant_with_levels",
              "treasure": false,
              "levels": {
                "min": 20,
                "max": 30
              },
              "conditions": [
                {
                  "condition": "random_chance",
                  "chance": 0.75
                }
              ]
            }
          ]
        }
      ]
    }
  ]
}