{
  "display": {
    "icon": {
      "item": "minecraft:enchanted_book"
    },
    "title": {
      "translate":"Turtle Stiffness",
      "color":"#40E6FF"
    },
    "description": {
      "translate": "Reinforced protection",
      "color": "white"
    },
    "frame": "task",
    "show_toast": false,
    "announce_to_chat": false,
    "hidden": false
  },
  "parent": "enchadv:armor/shield/peaks",
  "criteria": {
    "requirement": {
      "trigger": "minecraft:inventory_changed",
      "conditions": {
        "items": [
          {
            "items": [
              "minecraft:enchanted_book"
            ],
            "nbt": "{StoredCustomEnchantments:[{id:\"TurtleStiffness\"}]}"
          }
        ]
      }
    }
  }
}
