{
    "display": {
        "title": {
            "text": "Fill an iron drawer"
        },
        "description": {
            "text": "Use the max capacity of an iron drawer"
        },
        "icon": {
            "item": "minecraft:furnace",
            "nbt": "{CustomModelData:1430004}"
        },
        "frame": "task",
        "show_toast": true,
        "announce_to_chat": true,
        "hidden": false
    },
    "criteria": {
        "Fill a iron drawer": {
            "trigger": "minecraft:impossible"
        }
    },
    "parent": "simpledrawer:display/filled/wood"
}