{
	"display": {
		"icon": { "item": "minecraft:soul_campfire", "nbt": "{CustomModelData:2013331}" },
		"title": { "text": "Solar Energy I" },
		"description": { "text": "Get a Stardust Solar Panel", "color": "green" },
		"frame": "task",
		"show_toast": true,
		"announce_to_chat": true,
		"hidden": false
	},
	"parent": "stardust:visible/technology/simplenergy_manual",
	"criteria": { "requirement": {
		"trigger": "minecraft:inventory_changed",
		"conditions": { "items": [{
			"tag": "stardust:items",
			"nbt": "{stardust:{stardust_solar_panel:1b}}"
		}]}
	}}
}
