{
  "type": "minecraft:entity",
  "pools": [
    {
      "rolls": 1,
      "entries": [
        {
          "type": "minecraft:item",
		  "name": "minecraft:carrot_on_a_stick",
          "functions": [
            {
			  "function": "minecraft:set_name",
			  "name": {"translate":"mech.item.item_filter","color":"gray","italic":false}
			},
			{
			  "function": "minecraft:set_lore",
			  "lore": [
			    {"translate":"mech.item.item_filter.lore_1","color":"white","italic":false},
				{"translate":"mech.item.item_filter.lore_2","color":"white","italic":false},
				{"translate":"mech.lore.added_by","color":"blue","italic":false}
			  ]
			},
			{
              "function": "minecraft:set_nbt",
              "tag":"{mech_itemid: 5100, CustomModelData: 6425100, HideFlags: 6, Unbreakable:1b}"
            }
          ]
        }
      ]
    }
  ]
}