{
  "type": "minecraft:entity",
  "pools": [
    {
      "rolls": 1,
      "entries": [
        {
          "type": "minecraft:item",
		  "name": "minecraft:item_frame",
          "functions": [
            {
			  "function": "minecraft:set_name",
			  "name": {"translate":"mech.block.item_extractor","color":"dark_red","italic":false}
			},
			{
			  "function": "minecraft:set_lore",
			  "lore": [
				{"translate":"mech.lore.added_by","color":"blue","italic":false}
			  ]
			},
			{
              "function": "minecraft:set_nbt",
              "tag":"{mech_itemid: 5008, CustomModelData: 6425008, EntityTag:{Tags:[\"mech_item_extractor\",\"mech_receiver\",\"mech_no_upgrade\"],CustomName:'{\"translate\":\"mech.block.item_extractor\"}',Invulnerable:1b,Invisible:1b,Silent:1b,Item:{id:\"minecraft:blast_furnace\",Count:1b,tag:{mech_itemid:5008,block:1b,mech_power:0,mech_gridid:0,CustomModelData:6425008}}}}"
            }
          ]
        }
      ]
    }
  ]
}