{
  "type": "minecraft:entity",
  "pools": [
    {
      "rolls": 1,
      "entries": [
        {
          "type": "minecraft:item",
		  "name": "minecraft:blast_furnace",
          "functions": [
            {
			  "function": "minecraft:set_name",
			  "name": {"translate":"mech.block.energy_relay","color":"dark_red","italic":false}
			},
			{
			  "function": "minecraft:set_lore",
			  "lore": [
			    {"translate":"mech.block.energy_relay.lore_1","color":"white","italic":false},
				{"translate":"mech.lore.transfer","color":"white","italic":false,"with":[600]},
				{"translate":"mech.lore.range","color":"white","italic":false,"with":[48]},
				{"translate":"mech.lore.added_by","color":"blue","italic":false}
			  ]
			},
			{
              "function": "minecraft:set_nbt",
              "tag":"{CustomModelData: 6421004, HideFlags: 6, HideFlags: 6, mechanization:{ id:\"energy_relay\" }, BlockEntityTag:{Items:[{id:\"minecraft:stone\", Count:1b, Slot:0b, tag:{smithed:{block:{id:\"mechanization:energy_relay\"}}}}]} }"
            }
          ]
        }
      ]
    }
  ]
}