{
    "display": {
        "title": {
            "translate": "mech.advancements.mss_storage_drive.title",
			"color":"green"
        },
        "description": {
            "translate": "mech.advancements.mss_storage_drive.desc",
			"color":"dark_aqua"
        },
        "icon": {
            "item": "minecraft:carrot_on_a_stick",
            "nbt": "{CustomModelData:6425106}"
        },
        "frame": "goal"
    },
    "criteria": {
        "have_battery_1": {
            "trigger": "minecraft:inventory_changed",
            "conditions": {
                "items": [{
                        "nbt": "{mech_itemid:5106}"
                    }
                ]
            }
        }
    },
    "parent": "mechanization:assembly/mss_drive_bay"
}
