{
  "type": "minecraft:block",
  "pools": [
    {
      "rolls": 1,
      "entries": [
        {
          "type": "minecraft:alternatives",
          "children": [
            {
              "type": "minecraft:item",
              "name": "minecraft:deepslate",
              "conditions": [
                  {
                      "condition": "minecraft:match_tool",
                      "predicate": {
                          "nbt": "{CustomEnchantments:[{id:\"MiningPlus\"}]}",
                          "enchantments": [
                            {
                              "enchantment": "minecraft:silk_touch"
                            }
                          ]
                      }
                  }
              ],
              "functions": [
                    {
                        "function": "set_nbt",
                        "tag": "{CustomEnchantments:{MiningPlusItembreak:1,StoneSilk:1}}"
                    }
                ] 
            },
            {
              "type": "minecraft:item",
              "name": "minecraft:deepslate",
              "conditions": [
                  {
                      "condition": "minecraft:match_tool",
                      "predicate": {
                          "nbt": "{CustomEnchantments:[{id:\"MiningPlus\"},{id:\"AutoSmelt\"}]}"
                      }
                  }
              ],
              "functions": [
                    {
                        "function": "set_nbt",
                        "tag": "{CustomEnchantments:{MiningPlusItembreak:1,MiningPlusItembreakAutoSmelt:1}}"
                    }
                ] 
            },
            {
              "type": "minecraft:item",
              "name": "minecraft:cobbled_deepslate",
              "conditions": [
                  {
                      "condition": "minecraft:match_tool",
                      "predicate": {
                          "nbt": "{CustomEnchantments:[{id:\"MiningPlus\"}]}"
                      }
                  }
              ],
              "functions": [
                    {
                        "function": "set_nbt",
                        "tag": "{CustomEnchantments:{MiningPlusItembreak:1}}"
                    }
                ] 
            },
            {
              "type": "minecraft:item",
              "name": "minecraft:deepslate",
              "conditions": [
                  {
                      "condition": "minecraft:match_tool",
                      "predicate": {
                          "nbt": "{CustomEnchantments:[{id:\"AutoSmelt\"}]}"
                      }
                  }
              ]
            },
            {
              "type": "minecraft:item",
              "conditions": [
                {
                  "condition": "minecraft:match_tool",
                  "predicate": {
                    "enchantments": [
                      {
                        "enchantment": "minecraft:silk_touch",
                        "levels": {
                          "min": 1
                        }
                      }
                    ]
                  }
                }
              ],
              "name": "minecraft:deepslate"
            },
            {
              "type": "minecraft:item",
              "conditions": [
                {
                  "condition": "minecraft:survives_explosion"
                }
              ],
              "name": "minecraft:cobbled_deepslate"
            }
          ]
        }
      ]
    }
  ]
}