{
  "type": "minecraft:entity",
  "pools": [
    {
      "rolls": 1,
      "entries": [
        {
          "type": "minecraft:item",
		  "name": "minecraft:structure_block",
          "functions": [
            {
			  "function": "minecraft:set_name",
			  "name": {"translate":"mech.item.accelerated_chamber","color":"dark_aqua","italic":false}
			},
			{
			  "function": "minecraft:set_lore",
			  "lore": [
			    [{"translate":"mech.lore.upgrade_plasma_weapon","color":"gray","italic":false}],
			    [{"text":" 1.5 ","color":"green","italic":false},{"translate":"mech.lore.damage"}],
			    [{"text":" 1 ","color":"green","italic":false},{"translate":"mech.lore.fire_rate"}],
				[{"translate":"mech.lore.added_by","color":"blue","italic":false}]
			  ]
			},
			{
              "function": "minecraft:set_nbt",
              "tag":"{CustomModelData: 6424203, mechanization:{id:\"accelerated_chamber\", upgrade:{type:4b}}}"
            }
          ]
        }
      ]
    }
  ]
}