{
  "type": "minecraft:entity",
  "pools": [
    {
      "rolls": 1,
      "entries": [
        {
          "type": "minecraft:item",
		  "name": "minecraft:elytra",
          "functions": [
            {
			  "function": "minecraft:set_name",
			  "name": {"translate":"mech.item.jetpack","color":"dark_aqua","italic":false}
			},
			{
			  "function": "minecraft:set_lore",
			  "lore": [
			    {"translate":"mech.lore.upgrade_modular_chestplate","color":"gray","italic":false},
				{"translate":"mech.lore.added_by","color":"blue","italic":false}
			  ]
			},
			{
              "function": "minecraft:set_nbt",
              "tag":"{CustomModelData: 6424111, Unbreakable:1b, HideFlags:70, mechanization:{ id:\"jetpack\", upgrade:{type:3b,effect:\"jetpack\"}} }"
            }
          ]
        }
      ]
    }
  ]
}