{
    "__comment": "Made with TheDestruc7i0n's advancements generator: https://advancements.thedestruc7i0n.ca",
    "display": {
        "title": {
            "text": "Automation"
        },
        "description": {
            "text": "Use a hopper upgrade"
        },
        "icon": {
            "item": "minecraft:jigsaw",
            "nbt": "{CustomModelData:1430000}"
        },
        "frame": "task",
        "show_toast": true,
        "announce_to_chat": true,
        "hidden": false
    },
    "criteria": {
        "Use hopper upgrade": {
            "trigger": "minecraft:impossible"
        }
    },
    "parent": "simpledrawer:display/root"
}