{
    "__comment": "Made with TheDestruc7i0n's advancements generator: https://advancements.thedestruc7i0n.ca",
    "display": {
        "title": {
            "text": "\"Infinite\" storage"
        },
        "description": {
            "text": "Use a Netherite upgrade"
        },
        "icon": {
            "item": "minecraft:jigsaw",
            "nbt": "{CustomModelData:1430005}"
        },
        "frame": "challenge",
        "show_toast": true,
        "announce_to_chat": true,
        "hidden": false
    },
    "criteria": {
        "Use netherite upgrade": {
            "trigger": "minecraft:impossible"
        }
    },
    "parent": "simpledrawer:display/upgrade/star"
}