{
    "display": {
        "title": {
            "translate": "mech.advancements.fission_reactor.title",
			"color":"green"
        },
        "description": {
            "translate": "mech.advancements.fission_reactor.desc",
			"color":"dark_aqua"
        },
        "icon": {
            "item": "minecraft:blast_furnace",
            "nbt": "{CustomModelData:6423002}"
        },
        "frame": "task"
    },
    "criteria": {
        "have_battery_1": {
            "trigger": "minecraft:inventory_changed",
            "conditions": {
                "items": [{
                        "nbt": "{mech_itemid:3002}"
                    }
                ]
            }
        }
    },
    "parent": "mechanization:nuclear/centrifuge"
}
