
{
  "type": "minecraft:entity",
  "pools": [
    {
      "rolls": 1,
      "entries": [
        {
          "type": "minecraft:item",
          "name": "minecraft:written_book",
          "functions": [
            {
              "function": "minecraft:set_name",
              "name": {"translate":"mech.item.mechanical_manual","color":"gray","italic":false}
            },
            {
              "function": "minecraft:set_lore",
              "lore": [
                {"translate":"mech.lore.added_by","color":"blue","italic":false}
              ]
            },
            {
              "function": "minecraft:set_nbt",
              "tag":"{CustomModelData: 6421105, mechanization:{id:\"mechanical_manual\", manual_version:8}, HideFlags: 32, author:\"ImCoolYeah105\", title:\"Mechanical Manual\" }"
            },
            {
              "function": "minecraft:set_nbt",
              "tag":"{pages:['[{\"text\":\"\uee05\",\"font\":\"mechanization:manual\",\"color\":\"white\"},{\"text\":\"      \"},{\"translate\":\"mech.manual.apps_page\",\"color\":\"dark_aqua\"},{\"text\":\"\n\"},{\"text\":\" \uee06\"},{\"translate\":\"offset.-1\",\"font\":\"space:default\",\"with\":[ {\"text\":\"\uee08\",\"font\":\"mechanization:manual\",\"hoverEvent\":{\"action\":\"show_text\",\"contents\":[ {\"translate\":\"mech.manual.app_base\"},{\"text\":\"\n\"},{\"translate\":\"mech.manual.app_base_desc\",\"color\":\"gray\"}]},\"clickEvent\":{\"action\":\"run_command\",\"value\":\"/trigger mechanization.manual set -1\"}}]},{\"translate\":\"offset.-2\",\"font\":\"space:default\",\"with\":[ {\"text\":\"\uee09\",\"font\":\"mechanization:manual\",\"hoverEvent\":{\"action\":\"show_text\",\"contents\":[ {\"translate\":\"mech.manual.app_machines\"},{\"text\":\"\n\"},{\"translate\":\"mech.manual.app_machines_desc\",\"color\":\"gray\"}]},\"clickEvent\":{\"action\":\"run_command\",\"value\":\"/trigger mechanization.manual set -2\"}}]},{\"translate\":\"offset.-3\",\"font\":\"space:default\",\"with\":[ {\"text\":\"\uee0a\",\"font\":\"mechanization:manual\",\"hoverEvent\":{\"action\":\"show_text\",\"contents\":[ {\"translate\":\"mech.manual.app_nuclear\"},{\"text\":\"\n\"},{\"translate\":\"mech.manual.app_nuclear_desc\",\"color\":\"gray\"}]},\"clickEvent\":{\"action\":\"run_command\",\"value\":\"/trigger mechanization.manual set -3\"}}]},{\"translate\":\"offset.-4\",\"font\":\"space:default\",\"with\":[ {\"text\":\"\uee07\",\"font\":\"mechanization:manual\"}]},{\"text\":\"\n  \"},{\"text\":\"        \",\"hoverEvent\":{\"action\":\"show_text\",\"contents\":[ {\"translate\":\"mech.manual.app_base\"},{\"text\":\"\n\"},{\"translate\":\"mech.manual.app_base_desc\",\"color\":\"gray\"}]},\"clickEvent\":{\"action\":\"run_command\",\"value\":\"/trigger mechanization.manual set -1\"}},{\"text\":\"        \",\"hoverEvent\":{\"action\":\"show_text\",\"contents\":[ {\"translate\":\"mech.manual.app_machines\"},{\"text\":\"\n\"},{\"translate\":\"mech.manual.app_machines_desc\",\"color\":\"gray\"}]},\"clickEvent\":{\"action\":\"run_command\",\"value\":\"/trigger mechanization.manual set -2\"}},{\"text\":\"        \",\"hoverEvent\":{\"action\":\"show_text\",\"contents\":[ {\"translate\":\"mech.manual.app_nuclear\"},{\"text\":\"\n\"},{\"translate\":\"mech.manual.app_nuclear_desc\",\"color\":\"gray\"}]},\"clickEvent\":{\"action\":\"run_command\",\"value\":\"/trigger mechanization.manual set -3\"}},{\"text\":\"\n  \"},{\"text\":\"        \",\"hoverEvent\":{\"action\":\"show_text\",\"contents\":[ {\"translate\":\"mech.manual.app_base\"},{\"text\":\"\n\"},{\"translate\":\"mech.manual.app_base_desc\",\"color\":\"gray\"}]},\"clickEvent\":{\"action\":\"run_command\",\"value\":\"/trigger mechanization.manual set -1\"}},{\"text\":\"        \",\"hoverEvent\":{\"action\":\"show_text\",\"contents\":[ {\"translate\":\"mech.manual.app_machines\"},{\"text\":\"\n\"},{\"translate\":\"mech.manual.app_machines_desc\",\"color\":\"gray\"}]},\"clickEvent\":{\"action\":\"run_command\",\"value\":\"/trigger mechanization.manual set -2\"}},{\"text\":\"        \",\"hoverEvent\":{\"action\":\"show_text\",\"contents\":[ {\"translate\":\"mech.manual.app_nuclear\"},{\"text\":\"\n\"},{\"translate\":\"mech.manual.app_nuclear_desc\",\"color\":\"gray\"}]},\"clickEvent\":{\"action\":\"run_command\",\"value\":\"/trigger mechanization.manual set -3\"}},{\"text\":\"\n\"},{\"text\":\" \uee06\"},{\"translate\":\"offset.-1\",\"font\":\"space:default\",\"with\":[ {\"text\":\"\uee0b\",\"font\":\"mechanization:manual\",\"hoverEvent\":{\"action\":\"show_text\",\"contents\":[ {\"translate\":\"mech.manual.app_gadgets\"},{\"text\":\"\n\"},{\"translate\":\"mech.manual.app_gadgets_desc\",\"color\":\"gray\"}]},\"clickEvent\":{\"action\":\"run_command\",\"value\":\"/trigger mechanization.manual set -4\"}}]},{\"translate\":\"offset.-2\",\"font\":\"space:default\",\"with\":[ {\"text\":\"\uee0c\",\"font\":\"mechanization:manual\",\"hoverEvent\":{\"action\":\"show_text\",\"contents\":[ {\"translate\":\"mech.manual.app_assembly\"},{\"text\":\"\n\"},{\"translate\":\"mech.manual.app_assembly_desc\",\"color\":\"gray\"}]},\"clickEvent\":{\"action\":\"run_command\",\"value\":\"/trigger mechanization.manual set -5\"}}]},{\"translate\":\"offset.-3\",\"font\":\"space:default\",\"with\":[ {\"text\":\"\uf007\",\"font\":\"mechanization:manual\",\"hoverEvent\":{\"action\":\"show_text\",\"contents\":[ {\"translate\":\"mech.manual.app_compat\"},{\"text\":\"\n\"},{\"translate\":\"mech.manual.app_compat_desc\",\"color\":\"gray\"}]},\"clickEvent\":{\"action\":\"run_command\",\"value\":\"/trigger mechanization.manual set -9\"}}]},{\"translate\":\"offset.-4\",\"font\":\"space:default\",\"with\":[ {\"text\":\"\uee07\",\"font\":\"mechanization:manual\"}]},{\"text\":\"\n  \"},{\"text\":\"        \",\"hoverEvent\":{\"action\":\"show_text\",\"contents\":[ {\"translate\":\"mech.manual.app_gadgets\"},{\"text\":\"\n\"},{\"translate\":\"mech.manual.app_gadgets_desc\",\"color\":\"gray\"}]},\"clickEvent\":{\"action\":\"run_command\",\"value\":\"/trigger mechanization.manual set -4\"}},{\"text\":\"        \",\"hoverEvent\":{\"action\":\"show_text\",\"contents\":[ {\"translate\":\"mech.manual.app_assembly\"},{\"text\":\"\n\"},{\"translate\":\"mech.manual.app_assembly_desc\",\"color\":\"gray\"}]},\"clickEvent\":{\"action\":\"run_command\",\"value\":\"/trigger mechanization.manual set -5\"}},{\"text\":\"        \",\"hoverEvent\":{\"action\":\"show_text\",\"contents\":[ {\"translate\":\"mech.manual.app_compat\"},{\"text\":\"\n\"},{\"translate\":\"mech.manual.app_compat_desc\",\"color\":\"gray\"}]},\"clickEvent\":{\"action\":\"run_command\",\"value\":\"/trigger mechanization.manual set -9\"}},{\"text\":\"\n  \"},{\"text\":\"        \",\"hoverEvent\":{\"action\":\"show_text\",\"contents\":[ {\"translate\":\"mech.manual.app_gadgets\"},{\"text\":\"\n\"},{\"translate\":\"mech.manual.app_gadgets_desc\",\"color\":\"gray\"}]},\"clickEvent\":{\"action\":\"run_command\",\"value\":\"/trigger mechanization.manual set -4\"}},{\"text\":\"        \",\"hoverEvent\":{\"action\":\"show_text\",\"contents\":[ {\"translate\":\"mech.manual.app_assembly\"},{\"text\":\"\n\"},{\"translate\":\"mech.manual.app_assembly_desc\",\"color\":\"gray\"}]},\"clickEvent\":{\"action\":\"run_command\",\"value\":\"/trigger mechanization.manual set -5\"}},{\"text\":\"        \",\"hoverEvent\":{\"action\":\"show_text\",\"contents\":[ {\"translate\":\"mech.manual.app_compat\"},{\"text\":\"\n\"},{\"translate\":\"mech.manual.app_compat_desc\",\"color\":\"gray\"}]},\"clickEvent\":{\"action\":\"run_command\",\"value\":\"/trigger mechanization.manual set -9\"}},{\"text\":\"\n\"},{\"text\":\" \uee06\"},{\"translate\":\"offset.-1\",\"font\":\"space:default\",\"with\":[ {\"text\":\"\uee0d\",\"font\":\"mechanization:manual\",\"hoverEvent\":{\"action\":\"show_text\",\"contents\":[ {\"translate\":\"mech.manual.app_tcc\"},{\"text\":\"\n\"},{\"translate\":\"mech.manual.app_tcc_desc\",\"color\":\"gray\"}]},\"clickEvent\":{\"action\":\"run_command\",\"value\":\"/trigger mechanization.manual set -6\"}}]},{\"translate\":\"offset.-2\",\"font\":\"space:default\",\"with\":[ {\"text\":\"\uf002\",\"font\":\"mechanization:manual\",\"hoverEvent\":{\"action\":\"show_text\",\"contents\":[ {\"translate\":\"mech.manual.app_simplenergy\"},{\"text\":\"\n\"},{\"translate\":\"mech.manual.app_simplenergy_desc\",\"color\":\"gray\"}]},\"clickEvent\":{\"action\":\"run_command\",\"value\":\"/trigger mechanization.manual set -7\"}}]},{\"translate\":\"offset.-3\",\"font\":\"space:default\",\"with\":[ {\"text\":\"\uf003\",\"font\":\"mechanization:manual\",\"hoverEvent\":{\"action\":\"show_text\",\"contents\":[ {\"translate\":\"mech.manual.app_stardust_fragment\"},{\"text\":\"\n\"},{\"translate\":\"mech.manual.app_stardust_fragment_desc\",\"color\":\"gray\"}]},\"clickEvent\":{\"action\":\"run_command\",\"value\":\"/trigger mechanization.manual set -8\"}}]},{\"translate\":\"offset.-4\",\"font\":\"space:default\",\"with\":[ {\"text\":\"\uee07\",\"font\":\"mechanization:manual\"}]},{\"text\":\"\n  \"},{\"text\":\"        \",\"hoverEvent\":{\"action\":\"show_text\",\"contents\":[ {\"translate\":\"mech.manual.app_tcc\"},{\"text\":\"\n\"},{\"translate\":\"mech.manual.app_tcc_desc\",\"color\":\"gray\"}]},\"clickEvent\":{\"action\":\"run_command\",\"value\":\"/trigger mechanization.manual set -6\"}},{\"text\":\"        \",\"hoverEvent\":{\"action\":\"show_text\",\"contents\":[ {\"translate\":\"mech.manual.app_simplenergy\"},{\"text\":\"\n\"},{\"translate\":\"mech.manual.app_simplenergy_desc\",\"color\":\"gray\"}]},\"clickEvent\":{\"action\":\"run_command\",\"value\":\"/trigger mechanization.manual set -7\"}},{\"text\":\"        \",\"hoverEvent\":{\"action\":\"show_text\",\"contents\":[ {\"translate\":\"mech.manual.app_stardust_fragment\"},{\"text\":\"\n\"},{\"translate\":\"mech.manual.app_stardust_fragment_desc\",\"color\":\"gray\"}]},\"clickEvent\":{\"action\":\"run_command\",\"value\":\"/trigger mechanization.manual set -8\"}},{\"text\":\"\n  \"},{\"text\":\"        \",\"hoverEvent\":{\"action\":\"show_text\",\"contents\":[ {\"translate\":\"mech.manual.app_tcc\"},{\"text\":\"\n\"},{\"translate\":\"mech.manual.app_tcc_desc\",\"color\":\"gray\"}]},\"clickEvent\":{\"action\":\"run_command\",\"value\":\"/trigger mechanization.manual set -6\"}},{\"text\":\"        \",\"hoverEvent\":{\"action\":\"show_text\",\"contents\":[ {\"translate\":\"mech.manual.app_simplenergy\"},{\"text\":\"\n\"},{\"translate\":\"mech.manual.app_simplenergy_desc\",\"color\":\"gray\"}]},\"clickEvent\":{\"action\":\"run_command\",\"value\":\"/trigger mechanization.manual set -7\"}},{\"text\":\"        \",\"hoverEvent\":{\"action\":\"show_text\",\"contents\":[ {\"translate\":\"mech.manual.app_stardust_fragment\"},{\"text\":\"\n\"},{\"translate\":\"mech.manual.app_stardust_fragment_desc\",\"color\":\"gray\"}]},\"clickEvent\":{\"action\":\"run_command\",\"value\":\"/trigger mechanization.manual set -8\"}},{\"text\":\"\n\"}]','[{\"text\":\"\",\"font\":\"mechanization:manual\",\"color\":\"white\"},{\"text\":\"\uee05\"},{\"translate\":\"mech.manual.base_section\",\"color\":\"dark_aqua\"},{\"text\":\"\n  \"},{\"text\":\"\uee12\"},{\"text\":\"\n\"},{\"text\":\"  \"},{\"text\":\"\uee10\"},{\"translate\":\"offset.-1\",\"font\":\"space:default\",\"with\":[ {\"text\":\"\uee23\",\"font\":\"mechanization:manual\",\"hoverEvent\":{\"action\":\"show_text\",\"contents\":[ {\"translate\":\"mech.manual.getting_started.title\"}]},\"clickEvent\":{\"action\":\"change_page\",\"value\":3}}]},{\"translate\":\"offset.-2\",\"font\":\"space:default\",\"with\":[ {\"text\":\"\uee24\",\"font\":\"mechanization:manual\",\"hoverEvent\":{\"action\":\"show_text\",\"contents\":[ {\"translate\":\"mech.manual.machine_crafting_table.title\"}]},\"clickEvent\":{\"action\":\"change_page\",\"value\":5}}]},{\"translate\":\"offset.-3\",\"font\":\"space:default\",\"with\":[ {\"text\":\"\uee25\",\"font\":\"mechanization:manual\",\"hoverEvent\":{\"action\":\"show_text\",\"contents\":[ {\"translate\":\"mech.manual.wrench.title\"}]},\"clickEvent\":{\"action\":\"change_page\",\"value\":6}}]},{\"translate\":\"offset.-4\",\"font\":\"space:default\",\"with\":[ {\"text\":\"\uefd7\",\"font\":\"mechanization:manual\",\"hoverEvent\":{\"action\":\"show_text\",\"contents\":[ {\"translate\":\"mech.manual.muffler_upgrade.title\"}]},\"clickEvent\":{\"action\":\"change_page\",\"value\":16}}]},{\"translate\":\"offset.-5\",\"font\":\"space:default\",\"with\":[ {\"text\":\"\uee15\",\"font\":\"mechanization:manual\",\"hoverEvent\":{\"action\":\"show_text\",\"contents\":[ {\"translate\":\"mech.manual.blank.title\"}]},\"clickEvent\":{\"action\":\"change_page\",\"value\":2}}]},{\"translate\":\"offset.-8\",\"font\":\"space:default\",\"with\":[ {\"text\":\"\uee11\",\"font\":\"mechanization:manual\"}]},{\"text\":\"\n   \"},{\"translate\":\"offset.-1\",\"font\":\"space:default\",\"with\":[ {\"text\":\"\uee14\",\"font\":\"mechanization:manual\",\"hoverEvent\":{\"action\":\"show_text\",\"contents\":[ {\"translate\":\"mech.manual.getting_started.title\"}]},\"clickEvent\":{\"action\":\"change_page\",\"value\":3}}]},{\"translate\":\"offset.-2\",\"font\":\"space:default\",\"with\":[ {\"text\":\"\uee14\",\"font\":\"mechanization:manual\",\"hoverEvent\":{\"action\":\"show_text\",\"contents\":[ {\"translate\":\"mech.manual.machine_crafting_table.title\"}]},\"clickEvent\":{\"action\":\"change_page\",\"value\":5}}]},{\"translate\":\"offset.-3\",\"font\":\"space:default\",\"with\":[ {\"text\":\"\uee14\",\"font\":\"mechanization:manual\",\"hoverEvent\":{\"action\":\"show_text\",\"contents\":[ {\"translate\":\"mech.manual.wrench.title\"}]},\"clickEvent\":{\"action\":\"change_page\",\"value\":6}}]},{\"translate\":\"offset.-4\",\"font\":\"space:default\",\"with\":[ {\"text\":\"\uee14\",\"font\":\"mechanization:manual\",\"hoverEvent\":{\"action\":\"show_text\",\"contents\":[ {\"translate\":\"mech.manual.muffler_upgrade.title\"}]},\"clickEvent\":{\"action\":\"change_page\",\"value\":16}}]},{\"translate\":\"offset.-5\",\"font\":\"space:default\",\"with\":[ {\"text\":\"\uee14\",\"font\":\"mechanization:manual\",\"hoverEvent\":{\"action\":\"show_text\",\"contents\":[ {\"translate\":\"mech.manual.blank.title\"}]},\"clickEvent\":{\"action\":\"change_page\",\"value\":2}}]},{\"text\":\"\n  \"},{\"text\":\"\uee10\"},{\"translate\":\"offset.-1\",\"font\":\"space:default\",\"with\":[ {\"text\":\"\uee28\",\"font\":\"mechanization:manual\",\"hoverEvent\":{\"action\":\"show_text\",\"contents\":[ {\"translate\":\"mech.manual.rods.title\"}]},\"clickEvent\":{\"action\":\"change_page\",\"value\":10}}]},{\"translate\":\"offset.-2\",\"font\":\"space:default\",\"with\":[ {\"text\":\"\uee2b\",\"font\":\"mechanization:manual\",\"hoverEvent\":{\"action\":\"show_text\",\"contents\":[ {\"translate\":\"mech.manual.tier_1_machine_frame.title\"}]},\"clickEvent\":{\"action\":\"change_page\",\"value\":13}}]},{\"translate\":\"offset.-3\",\"font\":\"space:default\",\"with\":[ {\"text\":\"\uee26\",\"font\":\"mechanization:manual\",\"hoverEvent\":{\"action\":\"show_text\",\"contents\":[ {\"translate\":\"mech.manual.multimeter.title\"}]},\"clickEvent\":{\"action\":\"change_page\",\"value\":7}}]},{\"translate\":\"offset.-4\",\"font\":\"space:default\",\"with\":[ {\"text\":\"\uee37\",\"font\":\"mechanization:manual\",\"hoverEvent\":{\"action\":\"show_text\",\"contents\":[ {\"translate\":\"mech.manual.machine_upgrade.title\"}]},\"clickEvent\":{\"action\":\"change_page\",\"value\":17}}]},{\"translate\":\"offset.-5\",\"font\":\"space:default\",\"with\":[ {\"text\":\"\uee15\",\"font\":\"mechanization:manual\",\"hoverEvent\":{\"action\":\"show_text\",\"contents\":[ {\"translate\":\"mech.manual.blank.title\"}]},\"clickEvent\":{\"action\":\"change_page\",\"value\":2}}]},{\"translate\":\"offset.-8\",\"font\":\"space:default\",\"with\":[ {\"text\":\"\uee11\",\"font\":\"mechanization:manual\"}]},{\"text\":\"\n   \"},{\"translate\":\"offset.-1\",\"font\":\"space:default\",\"with\":[ {\"text\":\"\uee14\",\"font\":\"mechanization:manual\",\"hoverEvent\":{\"action\":\"show_text\",\"contents\":[ {\"translate\":\"mech.manual.rods.title\"}]},\"clickEvent\":{\"action\":\"change_page\",\"value\":10}}]},{\"translate\":\"offset.-2\",\"font\":\"space:default\",\"with\":[ {\"text\":\"\uee14\",\"font\":\"mechanization:manual\",\"hoverEvent\":{\"action\":\"show_text\",\"contents\":[ {\"translate\":\"mech.manual.tier_1_machine_frame.title\"}]},\"clickEvent\":{\"action\":\"change_page\",\"value\":13}}]},{\"translate\":\"offset.-3\",\"font\":\"space:default\",\"with\":[ {\"text\":\"\uee14\",\"font\":\"mechanization:manual\",\"hoverEvent\":{\"action\":\"show_text\",\"contents\":[ {\"translate\":\"mech.manual.multimeter.title\"}]},\"clickEvent\":{\"action\":\"change_page\",\"value\":7}}]},{\"translate\":\"offset.-4\",\"font\":\"space:default\",\"with\":[ {\"text\":\"\uee14\",\"font\":\"mechanization:manual\",\"hoverEvent\":{\"action\":\"show_text\",\"contents\":[ {\"translate\":\"mech.manual.machine_upgrade.title\"}]},\"clickEvent\":{\"action\":\"change_page\",\"value\":17}}]},{\"translate\":\"offset.-5\",\"font\":\"space:default\",\"with\":[ {\"text\":\"\uee14\",\"font\":\"mechanization:manual\",\"hoverEvent\":{\"action\":\"show_text\",\"contents\":[ {\"translate\":\"mech.manual.blank.title\"}]},\"clickEvent\":{\"action\":\"change_page\",\"value\":2}}]},{\"text\":\"\n  \"},{\"text\":\"\uee10\"},{\"translate\":\"offset.-1\",\"font\":\"space:default\",\"with\":[ {\"text\":\"\uee2d\",\"font\":\"mechanization:manual\",\"hoverEvent\":{\"action\":\"show_text\",\"contents\":[ {\"translate\":\"mech.manual.plates.title\"}]},\"clickEvent\":{\"action\":\"change_page\",\"value\":11}}]},{\"translate\":\"offset.-2\",\"font\":\"space:default\",\"with\":[ {\"text\":\"\uee30\",\"font\":\"mechanization:manual\",\"hoverEvent\":{\"action\":\"show_text\",\"contents\":[ {\"translate\":\"mech.manual.tier_2_machine_frame.title\"}]},\"clickEvent\":{\"action\":\"change_page\",\"value\":14}}]},{\"translate\":\"offset.-3\",\"font\":\"space:default\",\"with\":[ {\"text\":\"\uefee\",\"font\":\"mechanization:manual\",\"hoverEvent\":{\"action\":\"show_text\",\"contents\":[ {\"translate\":\"mech.manual.gps.title\"}]},\"clickEvent\":{\"action\":\"change_page\",\"value\":8}}]},{\"translate\":\"offset.-4\",\"font\":\"space:default\",\"with\":[ {\"text\":\"\uee38\",\"font\":\"mechanization:manual\",\"hoverEvent\":{\"action\":\"show_text\",\"contents\":[ {\"translate\":\"mech.manual.ender_upgrade.title\"}]},\"clickEvent\":{\"action\":\"change_page\",\"value\":18}}]},{\"translate\":\"offset.-5\",\"font\":\"space:default\",\"with\":[ {\"text\":\"\uee15\",\"font\":\"mechanization:manual\",\"hoverEvent\":{\"action\":\"show_text\",\"contents\":[ {\"translate\":\"mech.manual.blank.title\"}]},\"clickEvent\":{\"action\":\"change_page\",\"value\":2}}]},{\"translate\":\"offset.-8\",\"font\":\"space:default\",\"with\":[ {\"text\":\"\uee11\",\"font\":\"mechanization:manual\"}]},{\"text\":\"\n   \"},{\"translate\":\"offset.-1\",\"font\":\"space:default\",\"with\":[ {\"text\":\"\uee14\",\"font\":\"mechanization:manual\",\"hoverEvent\":{\"action\":\"show_text\",\"contents\":[ {\"translate\":\"mech.manual.plates.title\"}]},\"clickEvent\":{\"action\":\"change_page\",\"value\":11}}]},{\"translate\":\"offset.-2\",\"font\":\"space:default\",\"with\":[ {\"text\":\"\uee14\",\"font\":\"mechanization:manual\",\"hoverEvent\":{\"action\":\"show_text\",\"contents\":[ {\"translate\":\"mech.manual.tier_2_machine_frame.title\"}]},\"clickEvent\":{\"action\":\"change_page\",\"value\":14}}]},{\"translate\":\"offset.-3\",\"font\":\"space:default\",\"with\":[ {\"text\":\"\uee14\",\"font\":\"mechanization:manual\",\"hoverEvent\":{\"action\":\"show_text\",\"contents\":[ {\"translate\":\"mech.manual.gps.title\"}]},\"clickEvent\":{\"action\":\"change_page\",\"value\":8}}]},{\"translate\":\"offset.-4\",\"font\":\"space:default\",\"with\":[ {\"text\":\"\uee14\",\"font\":\"mechanization:manual\",\"hoverEvent\":{\"action\":\"show_text\",\"contents\":[ {\"translate\":\"mech.manual.ender_upgrade.title\"}]},\"clickEvent\":{\"action\":\"change_page\",\"value\":18}}]},{\"translate\":\"offset.-5\",\"font\":\"space:default\",\"with\":[ {\"text\":\"\uee14\",\"font\":\"mechanization:manual\",\"hoverEvent\":{\"action\":\"show_text\",\"contents\":[ {\"translate\":\"mech.manual.blank.title\"}]},\"clickEvent\":{\"action\":\"change_page\",\"value\":2}}]},{\"text\":\"\n  \"},{\"text\":\"\uee10\"},{\"translate\":\"offset.-1\",\"font\":\"space:default\",\"with\":[ {\"text\":\"\uee32\",\"font\":\"mechanization:manual\",\"hoverEvent\":{\"action\":\"show_text\",\"contents\":[ {\"translate\":\"mech.manual.gears.title\"}]},\"clickEvent\":{\"action\":\"change_page\",\"value\":12}}]},{\"translate\":\"offset.-2\",\"font\":\"space:default\",\"with\":[ {\"text\":\"\uee35\",\"font\":\"mechanization:manual\",\"hoverEvent\":{\"action\":\"show_text\",\"contents\":[ {\"translate\":\"mech.manual.tier_3_machine_frame.title\"}]},\"clickEvent\":{\"action\":\"change_page\",\"value\":15}}]},{\"translate\":\"offset.-3\",\"font\":\"space:default\",\"with\":[ {\"text\":\"\uee2c\",\"font\":\"mechanization:manual\",\"hoverEvent\":{\"action\":\"show_text\",\"contents\":[ {\"translate\":\"mech.manual.vial.title\"}]},\"clickEvent\":{\"action\":\"change_page\",\"value\":9}}]},{\"translate\":\"offset.-4\",\"font\":\"space:default\",\"with\":[ {\"text\":\"\uee39\",\"font\":\"mechanization:manual\",\"hoverEvent\":{\"action\":\"show_text\",\"contents\":[ {\"translate\":\"mech.manual.nether_upgrade.title\"}]},\"clickEvent\":{\"action\":\"change_page\",\"value\":19}}]},{\"translate\":\"offset.-5\",\"font\":\"space:default\",\"with\":[ {\"text\":\"\uee15\",\"font\":\"mechanization:manual\",\"hoverEvent\":{\"action\":\"show_text\",\"contents\":[ {\"translate\":\"mech.manual.blank.title\"}]},\"clickEvent\":{\"action\":\"change_page\",\"value\":2}}]},{\"translate\":\"offset.-8\",\"font\":\"space:default\",\"with\":[ {\"text\":\"\uee11\",\"font\":\"mechanization:manual\"}]},{\"text\":\"\n   \"},{\"translate\":\"offset.-1\",\"font\":\"space:default\",\"with\":[ {\"text\":\"\uee14\",\"font\":\"mechanization:manual\",\"hoverEvent\":{\"action\":\"show_text\",\"contents\":[ {\"translate\":\"mech.manual.gears.title\"}]},\"clickEvent\":{\"action\":\"change_page\",\"value\":12}}]},{\"translate\":\"offset.-2\",\"font\":\"space:default\",\"with\":[ {\"text\":\"\uee14\",\"font\":\"mechanization:manual\",\"hoverEvent\":{\"action\":\"show_text\",\"contents\":[ {\"translate\":\"mech.manual.tier_3_machine_frame.title\"}]},\"clickEvent\":{\"action\":\"change_page\",\"value\":15}}]},{\"translate\":\"offset.-3\",\"font\":\"space:default\",\"with\":[ {\"text\":\"\uee14\",\"font\":\"mechanization:manual\",\"hoverEvent\":{\"action\":\"show_text\",\"contents\":[ {\"translate\":\"mech.manual.vial.title\"}]},\"clickEvent\":{\"action\":\"change_page\",\"value\":9}}]},{\"translate\":\"offset.-4\",\"font\":\"space:default\",\"with\":[ {\"text\":\"\uee14\",\"font\":\"mechanization:manual\",\"hoverEvent\":{\"action\":\"show_text\",\"contents\":[ {\"translate\":\"mech.manual.nether_upgrade.title\"}]},\"clickEvent\":{\"action\":\"change_page\",\"value\":19}}]},{\"translate\":\"offset.-5\",\"font\":\"space:default\",\"with\":[ {\"text\":\"\uee14\",\"font\":\"mechanization:manual\",\"hoverEvent\":{\"action\":\"show_text\",\"contents\":[ {\"translate\":\"mech.manual.blank.title\"}]},\"clickEvent\":{\"action\":\"change_page\",\"value\":2}}]},{\"text\":\"\n  \"},{\"text\":\"\uee13\"}]','[{\"text\":\"\",\"bold\":false,\"font\":\"mechanization:manual\",\"color\":\"black\"},{\"translate\":\"mech.manual.getting_started.title\",\"color\":\"dark_aqua\"},{\"text\":\"\n\"},{\"translate\":\"mech.manual.getting_started.body1\"}]','[{\"text\":\"\",\"bold\":false,\"font\":\"mechanization:manual\",\"color\":\"black\"},{\"translate\":\"mech.manual.getting_started.body2\"}]','[{\"text\":\"\",\"bold\":false,\"font\":\"mechanization:manual\",\"color\":\"white\"},{\"text\":\"\uee03\",\"hoverEvent\":{\"action\":\"show_text\",\"contents\":[ {\"translate\":\"mech.manual.recipe\"},{\"text\":\"\uee3b\",\"font\":\"mechanization:manual\"},{\"translate\":\"offset.-2\",\"font\":\"space:default\",\"with\":[ {\"text\":\"\uee3c\",\"font\":\"mechanization:manual\"}]},{\"text\":\"\n\n\n\n\n\n\"},{\"text\":\"\n x7 \"},{\"translate\":\"item.minecraft.copper_ingot\"},{\"text\":\"\n x1 \"},{\"translate\":\"block.minecraft.crafting_table\"},{\"text\":\"\n x1 \"},{\"translate\":\"block.minecraft.iron_block\"}]},\"clickEvent\":{\"action\":\"run_command\",\"value\":\"/trigger mechanization.manual set 2\"}},{\"translate\":\"offset.-105\",\"font\":\"space:default\",\"with\":[ {\"text\":\"\uee3a\",\"font\":\"mechanization:manual\"}]},{\"translate\":\"offset.47\",\"font\":\"space:default\",\"with\":[ {\"text\":\"\uee04\",\"font\":\"mechanization:manual\"}]},{\"text\":\"\n\"},{\"translate\":\"mech.manual.machine_crafting_table.body\",\"color\":\"black\"},{\"text\":\"           \"},{\"text\":\"\uee0e\",\"clickEvent\":{\"action\":\"change_page\",\"value\":2}}]','[{\"text\":\"\",\"bold\":false,\"font\":\"mechanization:manual\",\"color\":\"white\"},{\"text\":\"\uee03\",\"hoverEvent\":{\"action\":\"show_text\",\"contents\":[ {\"translate\":\"mech.manual.recipe\"},{\"text\":\"\uee3e\",\"font\":\"mechanization:manual\"},{\"translate\":\"offset.-2\",\"font\":\"space:default\",\"with\":[ {\"text\":\"\uee3f\",\"font\":\"mechanization:manual\"}]},{\"text\":\"\n\n\n\n\n\n\"},{\"text\":\"\n x3 \"},{\"translate\":\"item.minecraft.iron_ingot\"},{\"text\":\"\n x1 \"},{\"translate\":\"item.minecraft.diamond\"}]},\"clickEvent\":{\"action\":\"run_command\",\"value\":\"/trigger mechanization.manual set 3\"}},{\"translate\":\"offset.-105\",\"font\":\"space:default\",\"with\":[ {\"text\":\"\uee3d\",\"font\":\"mechanization:manual\"}]},{\"translate\":\"offset.47\",\"font\":\"space:default\",\"with\":[ {\"text\":\"\uee04\",\"font\":\"mechanization:manual\"}]},{\"text\":\"\n\"},{\"translate\":\"mech.manual.wrench.body\",\"color\":\"black\"},{\"text\":\"           \"},{\"text\":\"\uee0e\",\"clickEvent\":{\"action\":\"change_page\",\"value\":2}}]','[{\"text\":\"\",\"bold\":false,\"font\":\"mechanization:manual\",\"color\":\"white\"},{\"text\":\"\uee03\",\"hoverEvent\":{\"action\":\"show_text\",\"contents\":[ {\"translate\":\"mech.manual.recipe\"},{\"text\":\"\uee41\",\"font\":\"mechanization:manual\"},{\"translate\":\"offset.-2\",\"font\":\"space:default\",\"with\":[ {\"text\":\"\uee42\",\"font\":\"mechanization:manual\"}]},{\"text\":\"\n\n\n\n\n\n\"},{\"text\":\"\n x4 \"},{\"translate\":\"item.minecraft.gold_ingot\"},{\"text\":\"\n x2 \"},{\"translate\":\"item.minecraft.copper_ingot\"},{\"text\":\"\n x2 \"},{\"translate\":\"item.minecraft.redstone\"},{\"text\":\"\n x1 \"},{\"translate\":\"block.minecraft.glass\"}]},\"clickEvent\":{\"action\":\"run_command\",\"value\":\"/trigger mechanization.manual set 4\"}},{\"translate\":\"offset.-105\",\"font\":\"space:default\",\"with\":[ {\"text\":\"\uee40\",\"font\":\"mechanization:manual\"}]},{\"translate\":\"offset.47\",\"font\":\"space:default\",\"with\":[ {\"text\":\"\uee04\",\"font\":\"mechanization:manual\"}]},{\"text\":\"\n\"},{\"translate\":\"mech.manual.multimeter.body\",\"color\":\"black\"},{\"text\":\"           \"},{\"text\":\"\uee0e\",\"clickEvent\":{\"action\":\"change_page\",\"value\":2}}]','[{\"text\":\"\",\"bold\":false,\"font\":\"mechanization:manual\",\"color\":\"white\"},{\"text\":\"\uee03\",\"hoverEvent\":{\"action\":\"show_text\",\"contents\":[ {\"translate\":\"mech.manual.recipe\"},{\"text\":\"\ueff0\",\"font\":\"mechanization:manual\"},{\"translate\":\"offset.-2\",\"font\":\"space:default\",\"with\":[ {\"text\":\"\ueff1\",\"font\":\"mechanization:manual\"}]},{\"text\":\"\n\n\n\n\n\n\"},{\"text\":\"\n x4 \"},{\"translate\":\"item.minecraft.gold_ingot\"},{\"text\":\"\n x2 \"},{\"translate\":\"item.minecraft.copper_ingot\"},{\"text\":\"\n x1 \"},{\"translate\":\"item.minecraft.ender_eye\"},{\"text\":\"\n x1 \"},{\"translate\":\"block.minecraft.glass\"}]},\"clickEvent\":{\"action\":\"run_command\",\"value\":\"/trigger mechanization.manual set 5\"}},{\"translate\":\"offset.-105\",\"font\":\"space:default\",\"with\":[ {\"text\":\"\uefef\",\"font\":\"mechanization:manual\"}]},{\"translate\":\"offset.47\",\"font\":\"space:default\",\"with\":[ {\"text\":\"\uee04\",\"font\":\"mechanization:manual\"}]},{\"text\":\"\n\"},{\"translate\":\"mech.manual.gps.body\",\"color\":\"black\"},{\"text\":\"           \"},{\"text\":\"\uee0e\",\"clickEvent\":{\"action\":\"change_page\",\"value\":2}}]','[{\"text\":\"\",\"bold\":false,\"font\":\"mechanization:manual\",\"color\":\"white\"},{\"text\":\"\uee03\",\"hoverEvent\":{\"action\":\"show_text\",\"contents\":[ {\"translate\":\"mech.manual.recipe\"},{\"text\":\"\uee65\",\"font\":\"mechanization:manual\"},{\"translate\":\"offset.-2\",\"font\":\"space:default\",\"with\":[ {\"text\":\"\uee66\",\"font\":\"mechanization:manual\"}]},{\"text\":\"\n\n\n\n\n\n\"},{\"text\":\"\n x2 \"},{\"translate\":\"mech.ingot.steel\"},{\"text\":\"\n x1 \"},{\"translate\":\"block.minecraft.glass\"}]},\"clickEvent\":{\"action\":\"run_command\",\"value\":\"/trigger mechanization.manual set 6\"}},{\"translate\":\"offset.-105\",\"font\":\"space:default\",\"with\":[ {\"text\":\"\uee64\",\"font\":\"mechanization:manual\"}]},{\"translate\":\"offset.47\",\"font\":\"space:default\",\"with\":[ {\"text\":\"\uee04\",\"font\":\"mechanization:manual\"}]},{\"text\":\"\n\"},{\"translate\":\"mech.manual.vial.body\",\"color\":\"black\"},{\"text\":\"           \"},{\"text\":\"\uee0e\",\"clickEvent\":{\"action\":\"change_page\",\"value\":2}}]','[{\"text\":\"\",\"bold\":false,\"font\":\"mechanization:manual\",\"color\":\"white\"},{\"text\":\"\uee03\",\"hoverEvent\":{\"action\":\"show_text\",\"contents\":[ {\"translate\":\"mech.manual.recipe\"},{\"text\":\"\uee44\",\"font\":\"mechanization:manual\"},{\"translate\":\"offset.-2\",\"font\":\"space:default\",\"with\":[ {\"text\":\"\uee45\",\"font\":\"mechanization:manual\"}]},{\"text\":\"\n\n\n\n\n\n\"},{\"text\":\"\n x3 \"},{\"translate\":\"mech.manual.any_metal\"}]},\"clickEvent\":{\"action\":\"run_command\",\"value\":\"/trigger mechanization.manual set 7\"}},{\"translate\":\"offset.-105\",\"font\":\"space:default\",\"with\":[ {\"text\":\"\uee43\",\"font\":\"mechanization:manual\"}]},{\"translate\":\"offset.47\",\"font\":\"space:default\",\"with\":[ {\"text\":\"\uee04\",\"font\":\"mechanization:manual\"}]},{\"text\":\"\n\"},{\"translate\":\"mech.manual.rods.body\",\"color\":\"black\"},{\"text\":\"           \"},{\"text\":\"\uee0e\",\"clickEvent\":{\"action\":\"change_page\",\"value\":2}}]','[{\"text\":\"\",\"bold\":false,\"font\":\"mechanization:manual\",\"color\":\"white\"},{\"text\":\"\uee03\",\"hoverEvent\":{\"action\":\"show_text\",\"contents\":[ {\"translate\":\"mech.manual.recipe\"},{\"text\":\"\uee47\",\"font\":\"mechanization:manual\"},{\"translate\":\"offset.-2\",\"font\":\"space:default\",\"with\":[ {\"text\":\"\uee48\",\"font\":\"mechanization:manual\"}]},{\"text\":\"\n\n\n\n\n\n\"},{\"text\":\"\n x4 \"},{\"translate\":\"mech.manual.any_metal\"}]},\"clickEvent\":{\"action\":\"run_command\",\"value\":\"/trigger mechanization.manual set 8\"}},{\"translate\":\"offset.-105\",\"font\":\"space:default\",\"with\":[ {\"text\":\"\uee46\",\"font\":\"mechanization:manual\"}]},{\"translate\":\"offset.47\",\"font\":\"space:default\",\"with\":[ {\"text\":\"\uee04\",\"font\":\"mechanization:manual\"}]},{\"text\":\"\n\"},{\"translate\":\"mech.manual.plates.body\",\"color\":\"black\"},{\"text\":\"           \"},{\"text\":\"\uee0e\",\"clickEvent\":{\"action\":\"change_page\",\"value\":2}}]','[{\"text\":\"\",\"bold\":false,\"font\":\"mechanization:manual\",\"color\":\"white\"},{\"text\":\"\uee03\",\"hoverEvent\":{\"action\":\"show_text\",\"contents\":[ {\"translate\":\"mech.manual.recipe\"},{\"text\":\"\uee4a\",\"font\":\"mechanization:manual\"},{\"translate\":\"offset.-2\",\"font\":\"space:default\",\"with\":[ {\"text\":\"\uee4b\",\"font\":\"mechanization:manual\"}]},{\"text\":\"\n\n\n\n\n\n\"},{\"text\":\"\n x5 \"},{\"translate\":\"mech.manual.any_metal\"}]},\"clickEvent\":{\"action\":\"run_command\",\"value\":\"/trigger mechanization.manual set 9\"}},{\"translate\":\"offset.-105\",\"font\":\"space:default\",\"with\":[ {\"text\":\"\uee49\",\"font\":\"mechanization:manual\"}]},{\"translate\":\"offset.47\",\"font\":\"space:default\",\"with\":[ {\"text\":\"\uee04\",\"font\":\"mechanization:manual\"}]},{\"text\":\"\n\"},{\"translate\":\"mech.manual.gears.body\",\"color\":\"black\"},{\"text\":\"           \"},{\"text\":\"\uee0e\",\"clickEvent\":{\"action\":\"change_page\",\"value\":2}}]','[{\"text\":\"\",\"bold\":false,\"font\":\"mechanization:manual\",\"color\":\"white\"},{\"text\":\"\uee03\",\"hoverEvent\":{\"action\":\"show_text\",\"contents\":[ {\"translate\":\"mech.manual.recipe\"},{\"text\":\"\uee71\",\"font\":\"mechanization:manual\"},{\"translate\":\"offset.-2\",\"font\":\"space:default\",\"with\":[ {\"text\":\"\uee72\",\"font\":\"mechanization:manual\"}]},{\"text\":\"\n\n\n\n\n\n\"},{\"text\":\"\n x4 \"},{\"translate\":\"block.minecraft.glass\"},{\"text\":\"\n x3 \"},{\"translate\":\"mech.rod.iron\"},{\"text\":\"\n x2 \"},{\"translate\":\"mech.plate.tin\"}]},\"clickEvent\":{\"action\":\"run_command\",\"value\":\"/trigger mechanization.manual set 10\"}},{\"translate\":\"offset.-105\",\"font\":\"space:default\",\"with\":[ {\"text\":\"\uee70\",\"font\":\"mechanization:manual\"}]},{\"translate\":\"offset.47\",\"font\":\"space:default\",\"with\":[ {\"text\":\"\uee04\",\"font\":\"mechanization:manual\"}]},{\"text\":\"\n\"},{\"translate\":\"mech.manual.tier_1_machine_frame.body\",\"color\":\"black\"},{\"text\":\"           \"},{\"text\":\"\uee0e\",\"clickEvent\":{\"action\":\"change_page\",\"value\":2}}]','[{\"text\":\"\",\"bold\":false,\"font\":\"mechanization:manual\",\"color\":\"white\"},{\"text\":\"\uee03\",\"hoverEvent\":{\"action\":\"show_text\",\"contents\":[ {\"translate\":\"mech.manual.recipe\"},{\"text\":\"\uee74\",\"font\":\"mechanization:manual\"},{\"translate\":\"offset.-2\",\"font\":\"space:default\",\"with\":[ {\"text\":\"\uee75\",\"font\":\"mechanization:manual\"}]},{\"text\":\"\n\n\n\n\n\n\"},{\"text\":\"\n x4 \"},{\"translate\":\"block.minecraft.red_stained_glass\"},{\"text\":\"\n x2 \"},{\"translate\":\"mech.rod.steel\"},{\"text\":\"\n x1 \"},{\"translate\":\"mech.plate.steel\"},{\"text\":\"\n x1 \"},{\"translate\":\"mech.plate.structural\"},{\"text\":\"\n x1 \"},{\"translate\":\"mech.gear.structural\"}]},\"clickEvent\":{\"action\":\"run_command\",\"value\":\"/trigger mechanization.manual set 11\"}},{\"translate\":\"offset.-105\",\"font\":\"space:default\",\"with\":[ {\"text\":\"\uee73\",\"font\":\"mechanization:manual\"}]},{\"translate\":\"offset.47\",\"font\":\"space:default\",\"with\":[ {\"text\":\"\uee04\",\"font\":\"mechanization:manual\"}]},{\"text\":\"\n\"},{\"translate\":\"mech.manual.tier_2_machine_frame.body\",\"color\":\"black\"},{\"text\":\"           \"},{\"text\":\"\uee0e\",\"clickEvent\":{\"action\":\"change_page\",\"value\":2}}]','[{\"text\":\"\",\"bold\":false,\"font\":\"mechanization:manual\",\"color\":\"white\"},{\"text\":\"\uee03\",\"hoverEvent\":{\"action\":\"show_text\",\"contents\":[ {\"translate\":\"mech.manual.recipe\"},{\"text\":\"\uee77\",\"font\":\"mechanization:manual\"},{\"translate\":\"offset.-2\",\"font\":\"space:default\",\"with\":[ {\"text\":\"\uee78\",\"font\":\"mechanization:manual\"}]},{\"text\":\"\n\n\n\n\n\n\"},{\"text\":\"\n x4 \"},{\"translate\":\"block.minecraft.tinted_glass\"},{\"text\":\"\n x2 \"},{\"translate\":\"mech.gear.titanium_steel\"},{\"text\":\"\n x2 \"},{\"translate\":\"mech.plate.reinforced_structural\"},{\"text\":\"\n x1 \"},{\"translate\":\"mech.rod.reinforced_structural\"}]},\"clickEvent\":{\"action\":\"run_command\",\"value\":\"/trigger mechanization.manual set 12\"}},{\"translate\":\"offset.-105\",\"font\":\"space:default\",\"with\":[ {\"text\":\"\uee76\",\"font\":\"mechanization:manual\"}]},{\"translate\":\"offset.47\",\"font\":\"space:default\",\"with\":[ {\"text\":\"\uee04\",\"font\":\"mechanization:manual\"}]},{\"text\":\"\n\"},{\"translate\":\"mech.manual.tier_3_machine_frame.body\",\"color\":\"black\"},{\"text\":\"           \"},{\"text\":\"\uee0e\",\"clickEvent\":{\"action\":\"change_page\",\"value\":2}}]','[{\"text\":\"\",\"bold\":false,\"font\":\"mechanization:manual\",\"color\":\"white\"},{\"text\":\"\uee03\",\"hoverEvent\":{\"action\":\"show_text\",\"contents\":[ {\"translate\":\"mech.manual.recipe\"},{\"text\":\"\uefd9\",\"font\":\"mechanization:manual\"},{\"translate\":\"offset.-2\",\"font\":\"space:default\",\"with\":[ {\"text\":\"\uefda\",\"font\":\"mechanization:manual\"}]},{\"text\":\"\n\n\n\n\n\n\"},{\"text\":\"\n x4 \"},{\"translate\":\"item.minecraft.copper_ingot\"},{\"text\":\"\n x4 \"},{\"translate\":\"block.minecraft.white_wool\"},{\"text\":\"\n x1 \"},{\"translate\":\"block.minecraft.note_block\"}]},\"clickEvent\":{\"action\":\"run_command\",\"value\":\"/trigger mechanization.manual set 13\"}},{\"translate\":\"offset.-105\",\"font\":\"space:default\",\"with\":[ {\"text\":\"\uefd8\",\"font\":\"mechanization:manual\"}]},{\"translate\":\"offset.47\",\"font\":\"space:default\",\"with\":[ {\"text\":\"\uee04\",\"font\":\"mechanization:manual\"}]},{\"text\":\"\n\"},{\"translate\":\"mech.manual.muffler_upgrade.body\",\"color\":\"black\"},{\"text\":\"           \"},{\"text\":\"\uee0e\",\"clickEvent\":{\"action\":\"change_page\",\"value\":2}}]','[{\"text\":\"\",\"bold\":false,\"font\":\"mechanization:manual\",\"color\":\"white\"},{\"text\":\"\uee03\",\"hoverEvent\":{\"action\":\"show_text\",\"contents\":[ {\"translate\":\"mech.manual.recipe\"},{\"text\":\"\uee68\",\"font\":\"mechanization:manual\"},{\"translate\":\"offset.-2\",\"font\":\"space:default\",\"with\":[ {\"text\":\"\uee69\",\"font\":\"mechanization:manual\"}]},{\"text\":\"\n\n\n\n\n\n\"},{\"text\":\"\n x6 \"},{\"translate\":\"mech.ingot.steel\"},{\"text\":\"\n x1 \"},{\"translate\":\"mech.gear.structural\"},{\"text\":\"\n x1 \"},{\"translate\":\"mech.gear.conductive\"},{\"text\":\"\n x1 \"},{\"translate\":\"mech.gem.crystal_composite\"}]},\"clickEvent\":{\"action\":\"run_command\",\"value\":\"/trigger mechanization.manual set 14\"}},{\"translate\":\"offset.-105\",\"font\":\"space:default\",\"with\":[ {\"text\":\"\uee67\",\"font\":\"mechanization:manual\"}]},{\"translate\":\"offset.47\",\"font\":\"space:default\",\"with\":[ {\"text\":\"\uee04\",\"font\":\"mechanization:manual\"}]},{\"text\":\"\n\"},{\"translate\":\"mech.manual.machine_upgrade.body\",\"color\":\"black\"},{\"text\":\"           \"},{\"text\":\"\uee0e\",\"clickEvent\":{\"action\":\"change_page\",\"value\":2}}]','[{\"text\":\"\",\"bold\":false,\"font\":\"mechanization:manual\",\"color\":\"white\"},{\"text\":\"\uee03\",\"hoverEvent\":{\"action\":\"show_text\",\"contents\":[ {\"translate\":\"mech.manual.recipe\"},{\"text\":\"\uee6b\",\"font\":\"mechanization:manual\"},{\"translate\":\"offset.-2\",\"font\":\"space:default\",\"with\":[ {\"text\":\"\uee6c\",\"font\":\"mechanization:manual\"}]},{\"text\":\"\n\n\n\n\n\n\"},{\"text\":\"\n x4 \"},{\"translate\":\"mech.gem.crystal_composite\"},{\"text\":\"\n x2 \"},{\"translate\":\"mech.rod.titanium_steel\"},{\"text\":\"\n x1 \"},{\"translate\":\"mech.gear.ender_alloy\"},{\"text\":\"\n x1 \"},{\"translate\":\"mech.plate.super_conductive\"},{\"text\":\"\n x1 \"},{\"translate\":\"mech.plate.reinforced_structural\"}]},\"clickEvent\":{\"action\":\"run_command\",\"value\":\"/trigger mechanization.manual set 15\"}},{\"translate\":\"offset.-105\",\"font\":\"space:default\",\"with\":[ {\"text\":\"\uee6a\",\"font\":\"mechanization:manual\"}]},{\"translate\":\"offset.47\",\"font\":\"space:default\",\"with\":[ {\"text\":\"\uee04\",\"font\":\"mechanization:manual\"}]},{\"text\":\"\n\"},{\"translate\":\"mech.manual.ender_upgrade.body\",\"color\":\"black\"},{\"text\":\"           \"},{\"text\":\"\uee0e\",\"clickEvent\":{\"action\":\"change_page\",\"value\":2}}]','[{\"text\":\"\",\"bold\":false,\"font\":\"mechanization:manual\",\"color\":\"white\"},{\"text\":\"\uee03\",\"hoverEvent\":{\"action\":\"show_text\",\"contents\":[ {\"translate\":\"mech.manual.recipe\"},{\"text\":\"\uee6e\",\"font\":\"mechanization:manual\"},{\"translate\":\"offset.-2\",\"font\":\"space:default\",\"with\":[ {\"text\":\"\uee6f\",\"font\":\"mechanization:manual\"}]},{\"text\":\"\n\n\n\n\n\n\"},{\"text\":\"\n x4 \"},{\"translate\":\"mech.gem.crystal_composite\"},{\"text\":\"\n x2 \"},{\"translate\":\"mech.rod.titanium_steel\"},{\"text\":\"\n x1 \"},{\"translate\":\"mech.gear.nether_alloy\"},{\"text\":\"\n x1 \"},{\"translate\":\"mech.plate.super_conductive\"},{\"text\":\"\n x1 \"},{\"translate\":\"mech.plate.reinforced_structural\"}]},\"clickEvent\":{\"action\":\"run_command\",\"value\":\"/trigger mechanization.manual set 16\"}},{\"translate\":\"offset.-105\",\"font\":\"space:default\",\"with\":[ {\"text\":\"\uee6d\",\"font\":\"mechanization:manual\"}]},{\"translate\":\"offset.47\",\"font\":\"space:default\",\"with\":[ {\"text\":\"\uee04\",\"font\":\"mechanization:manual\"}]},{\"text\":\"\n\"},{\"translate\":\"mech.manual.nether_upgrade.body\",\"color\":\"black\"},{\"text\":\"           \"},{\"text\":\"\uee0e\",\"clickEvent\":{\"action\":\"change_page\",\"value\":2}}]']}"
            }
          ]
        }
      ]
    }
  ]
}
