
{
  "type": "minecraft:entity",
  "pools": [
    {
      "rolls": 1,
      "entries": [
        {
          "type": "minecraft:item",
          "name": "minecraft:written_book",
          "functions": [
            {
              "function": "minecraft:set_name",
              "name": {"translate":"mech.item.mechanical_manual","color":"gray","italic":false}
            },
            {
              "function": "minecraft:set_lore",
              "lore": [
                {"translate":"mech.lore.added_by","color":"blue","italic":false}
              ]
            },
            {
              "function": "minecraft:set_nbt",
              "tag":"{CustomModelData: 6421105, mechanization:{id:\"mechanical_manual\", manual_version:8}, HideFlags: 32, author:\"ImCoolYeah105\", title:\"Mechanical Manual\" }"
            },
            {
              "function": "minecraft:set_nbt",
              "tag":"{pages:['[{\"text\":\"\uee05\",\"font\":\"mechanization:manual\",\"color\":\"white\"},{\"text\":\"      \"},{\"translate\":\"mech.manual.apps_page\",\"color\":\"dark_aqua\"},{\"text\":\"\n\"},{\"text\":\" \uee06\"},{\"translate\":\"offset.-1\",\"font\":\"space:default\",\"with\":[ {\"text\":\"\uee08\",\"font\":\"mechanization:manual\",\"hoverEvent\":{\"action\":\"show_text\",\"contents\":[ {\"translate\":\"mech.manual.app_base\"},{\"text\":\"\n\"},{\"translate\":\"mech.manual.app_base_desc\",\"color\":\"gray\"}]},\"clickEvent\":{\"action\":\"run_command\",\"value\":\"/trigger mechanization.manual set -1\"}}]},{\"translate\":\"offset.-2\",\"font\":\"space:default\",\"with\":[ {\"text\":\"\uee09\",\"font\":\"mechanization:manual\",\"hoverEvent\":{\"action\":\"show_text\",\"contents\":[ {\"translate\":\"mech.manual.app_machines\"},{\"text\":\"\n\"},{\"translate\":\"mech.manual.app_machines_desc\",\"color\":\"gray\"}]},\"clickEvent\":{\"action\":\"run_command\",\"value\":\"/trigger mechanization.manual set -2\"}}]},{\"translate\":\"offset.-3\",\"font\":\"space:default\",\"with\":[ {\"text\":\"\uee0a\",\"font\":\"mechanization:manual\",\"hoverEvent\":{\"action\":\"show_text\",\"contents\":[ {\"translate\":\"mech.manual.app_nuclear\"},{\"text\":\"\n\"},{\"translate\":\"mech.manual.app_nuclear_desc\",\"color\":\"gray\"}]},\"clickEvent\":{\"action\":\"run_command\",\"value\":\"/trigger mechanization.manual set -3\"}}]},{\"translate\":\"offset.-4\",\"font\":\"space:default\",\"with\":[ {\"text\":\"\uee07\",\"font\":\"mechanization:manual\"}]},{\"text\":\"\n  \"},{\"text\":\"        \",\"hoverEvent\":{\"action\":\"show_text\",\"contents\":[ {\"translate\":\"mech.manual.app_base\"},{\"text\":\"\n\"},{\"translate\":\"mech.manual.app_base_desc\",\"color\":\"gray\"}]},\"clickEvent\":{\"action\":\"run_command\",\"value\":\"/trigger mechanization.manual set -1\"}},{\"text\":\"        \",\"hoverEvent\":{\"action\":\"show_text\",\"contents\":[ {\"translate\":\"mech.manual.app_machines\"},{\"text\":\"\n\"},{\"translate\":\"mech.manual.app_machines_desc\",\"color\":\"gray\"}]},\"clickEvent\":{\"action\":\"run_command\",\"value\":\"/trigger mechanization.manual set -2\"}},{\"text\":\"        \",\"hoverEvent\":{\"action\":\"show_text\",\"contents\":[ {\"translate\":\"mech.manual.app_nuclear\"},{\"text\":\"\n\"},{\"translate\":\"mech.manual.app_nuclear_desc\",\"color\":\"gray\"}]},\"clickEvent\":{\"action\":\"run_command\",\"value\":\"/trigger mechanization.manual set -3\"}},{\"text\":\"\n  \"},{\"text\":\"        \",\"hoverEvent\":{\"action\":\"show_text\",\"contents\":[ {\"translate\":\"mech.manual.app_base\"},{\"text\":\"\n\"},{\"translate\":\"mech.manual.app_base_desc\",\"color\":\"gray\"}]},\"clickEvent\":{\"action\":\"run_command\",\"value\":\"/trigger mechanization.manual set -1\"}},{\"text\":\"        \",\"hoverEvent\":{\"action\":\"show_text\",\"contents\":[ {\"translate\":\"mech.manual.app_machines\"},{\"text\":\"\n\"},{\"translate\":\"mech.manual.app_machines_desc\",\"color\":\"gray\"}]},\"clickEvent\":{\"action\":\"run_command\",\"value\":\"/trigger mechanization.manual set -2\"}},{\"text\":\"        \",\"hoverEvent\":{\"action\":\"show_text\",\"contents\":[ {\"translate\":\"mech.manual.app_nuclear\"},{\"text\":\"\n\"},{\"translate\":\"mech.manual.app_nuclear_desc\",\"color\":\"gray\"}]},\"clickEvent\":{\"action\":\"run_command\",\"value\":\"/trigger mechanization.manual set -3\"}},{\"text\":\"\n\"},{\"text\":\" \uee06\"},{\"translate\":\"offset.-1\",\"font\":\"space:default\",\"with\":[ {\"text\":\"\uee0b\",\"font\":\"mechanization:manual\",\"hoverEvent\":{\"action\":\"show_text\",\"contents\":[ {\"translate\":\"mech.manual.app_gadgets\"},{\"text\":\"\n\"},{\"translate\":\"mech.manual.app_gadgets_desc\",\"color\":\"gray\"}]},\"clickEvent\":{\"action\":\"run_command\",\"value\":\"/trigger mechanization.manual set -4\"}}]},{\"translate\":\"offset.-2\",\"font\":\"space:default\",\"with\":[ {\"text\":\"\uee0c\",\"font\":\"mechanization:manual\",\"hoverEvent\":{\"action\":\"show_text\",\"contents\":[ {\"translate\":\"mech.manual.app_assembly\"},{\"text\":\"\n\"},{\"translate\":\"mech.manual.app_assembly_desc\",\"color\":\"gray\"}]},\"clickEvent\":{\"action\":\"run_command\",\"value\":\"/trigger mechanization.manual set -5\"}}]},{\"translate\":\"offset.-3\",\"font\":\"space:default\",\"with\":[ {\"text\":\"\uf007\",\"font\":\"mechanization:manual\",\"hoverEvent\":{\"action\":\"show_text\",\"contents\":[ {\"translate\":\"mech.manual.app_compat\"},{\"text\":\"\n\"},{\"translate\":\"mech.manual.app_compat_desc\",\"color\":\"gray\"}]},\"clickEvent\":{\"action\":\"run_command\",\"value\":\"/trigger mechanization.manual set -9\"}}]},{\"translate\":\"offset.-4\",\"font\":\"space:default\",\"with\":[ {\"text\":\"\uee07\",\"font\":\"mechanization:manual\"}]},{\"text\":\"\n  \"},{\"text\":\"        \",\"hoverEvent\":{\"action\":\"show_text\",\"contents\":[ {\"translate\":\"mech.manual.app_gadgets\"},{\"text\":\"\n\"},{\"translate\":\"mech.manual.app_gadgets_desc\",\"color\":\"gray\"}]},\"clickEvent\":{\"action\":\"run_command\",\"value\":\"/trigger mechanization.manual set -4\"}},{\"text\":\"        \",\"hoverEvent\":{\"action\":\"show_text\",\"contents\":[ {\"translate\":\"mech.manual.app_assembly\"},{\"text\":\"\n\"},{\"translate\":\"mech.manual.app_assembly_desc\",\"color\":\"gray\"}]},\"clickEvent\":{\"action\":\"run_command\",\"value\":\"/trigger mechanization.manual set -5\"}},{\"text\":\"        \",\"hoverEvent\":{\"action\":\"show_text\",\"contents\":[ {\"translate\":\"mech.manual.app_compat\"},{\"text\":\"\n\"},{\"translate\":\"mech.manual.app_compat_desc\",\"color\":\"gray\"}]},\"clickEvent\":{\"action\":\"run_command\",\"value\":\"/trigger mechanization.manual set -9\"}},{\"text\":\"\n  \"},{\"text\":\"        \",\"hoverEvent\":{\"action\":\"show_text\",\"contents\":[ {\"translate\":\"mech.manual.app_gadgets\"},{\"text\":\"\n\"},{\"translate\":\"mech.manual.app_gadgets_desc\",\"color\":\"gray\"}]},\"clickEvent\":{\"action\":\"run_command\",\"value\":\"/trigger mechanization.manual set -4\"}},{\"text\":\"        \",\"hoverEvent\":{\"action\":\"show_text\",\"contents\":[ {\"translate\":\"mech.manual.app_assembly\"},{\"text\":\"\n\"},{\"translate\":\"mech.manual.app_assembly_desc\",\"color\":\"gray\"}]},\"clickEvent\":{\"action\":\"run_command\",\"value\":\"/trigger mechanization.manual set -5\"}},{\"text\":\"        \",\"hoverEvent\":{\"action\":\"show_text\",\"contents\":[ {\"translate\":\"mech.manual.app_compat\"},{\"text\":\"\n\"},{\"translate\":\"mech.manual.app_compat_desc\",\"color\":\"gray\"}]},\"clickEvent\":{\"action\":\"run_command\",\"value\":\"/trigger mechanization.manual set -9\"}},{\"text\":\"\n\"},{\"text\":\" \uee06\"},{\"translate\":\"offset.-1\",\"font\":\"space:default\",\"with\":[ {\"text\":\"\uee0d\",\"font\":\"mechanization:manual\",\"hoverEvent\":{\"action\":\"show_text\",\"contents\":[ {\"translate\":\"mech.manual.app_tcc\"},{\"text\":\"\n\"},{\"translate\":\"mech.manual.app_tcc_desc\",\"color\":\"gray\"}]},\"clickEvent\":{\"action\":\"run_command\",\"value\":\"/trigger mechanization.manual set -6\"}}]},{\"translate\":\"offset.-2\",\"font\":\"space:default\",\"with\":[ {\"text\":\"\uf002\",\"font\":\"mechanization:manual\",\"hoverEvent\":{\"action\":\"show_text\",\"contents\":[ {\"translate\":\"mech.manual.app_simplenergy\"},{\"text\":\"\n\"},{\"translate\":\"mech.manual.app_simplenergy_desc\",\"color\":\"gray\"}]},\"clickEvent\":{\"action\":\"run_command\",\"value\":\"/trigger mechanization.manual set -7\"}}]},{\"translate\":\"offset.-3\",\"font\":\"space:default\",\"with\":[ {\"text\":\"\uf003\",\"font\":\"mechanization:manual\",\"hoverEvent\":{\"action\":\"show_text\",\"contents\":[ {\"translate\":\"mech.manual.app_stardust_fragment\"},{\"text\":\"\n\"},{\"translate\":\"mech.manual.app_stardust_fragment_desc\",\"color\":\"gray\"}]},\"clickEvent\":{\"action\":\"run_command\",\"value\":\"/trigger mechanization.manual set -8\"}}]},{\"translate\":\"offset.-4\",\"font\":\"space:default\",\"with\":[ {\"text\":\"\uee07\",\"font\":\"mechanization:manual\"}]},{\"text\":\"\n  \"},{\"text\":\"        \",\"hoverEvent\":{\"action\":\"show_text\",\"contents\":[ {\"translate\":\"mech.manual.app_tcc\"},{\"text\":\"\n\"},{\"translate\":\"mech.manual.app_tcc_desc\",\"color\":\"gray\"}]},\"clickEvent\":{\"action\":\"run_command\",\"value\":\"/trigger mechanization.manual set -6\"}},{\"text\":\"        \",\"hoverEvent\":{\"action\":\"show_text\",\"contents\":[ {\"translate\":\"mech.manual.app_simplenergy\"},{\"text\":\"\n\"},{\"translate\":\"mech.manual.app_simplenergy_desc\",\"color\":\"gray\"}]},\"clickEvent\":{\"action\":\"run_command\",\"value\":\"/trigger mechanization.manual set -7\"}},{\"text\":\"        \",\"hoverEvent\":{\"action\":\"show_text\",\"contents\":[ {\"translate\":\"mech.manual.app_stardust_fragment\"},{\"text\":\"\n\"},{\"translate\":\"mech.manual.app_stardust_fragment_desc\",\"color\":\"gray\"}]},\"clickEvent\":{\"action\":\"run_command\",\"value\":\"/trigger mechanization.manual set -8\"}},{\"text\":\"\n  \"},{\"text\":\"        \",\"hoverEvent\":{\"action\":\"show_text\",\"contents\":[ {\"translate\":\"mech.manual.app_tcc\"},{\"text\":\"\n\"},{\"translate\":\"mech.manual.app_tcc_desc\",\"color\":\"gray\"}]},\"clickEvent\":{\"action\":\"run_command\",\"value\":\"/trigger mechanization.manual set -6\"}},{\"text\":\"        \",\"hoverEvent\":{\"action\":\"show_text\",\"contents\":[ {\"translate\":\"mech.manual.app_simplenergy\"},{\"text\":\"\n\"},{\"translate\":\"mech.manual.app_simplenergy_desc\",\"color\":\"gray\"}]},\"clickEvent\":{\"action\":\"run_command\",\"value\":\"/trigger mechanization.manual set -7\"}},{\"text\":\"        \",\"hoverEvent\":{\"action\":\"show_text\",\"contents\":[ {\"translate\":\"mech.manual.app_stardust_fragment\"},{\"text\":\"\n\"},{\"translate\":\"mech.manual.app_stardust_fragment_desc\",\"color\":\"gray\"}]},\"clickEvent\":{\"action\":\"run_command\",\"value\":\"/trigger mechanization.manual set -8\"}},{\"text\":\"\n\"}]','[{\"text\":\"\",\"font\":\"mechanization:manual\",\"color\":\"white\"},{\"text\":\"\uee05\"},{\"translate\":\"mech.manual.nuclear_section\",\"color\":\"dark_aqua\"},{\"text\":\"\n  \"},{\"text\":\"\uee12\"},{\"text\":\"\n\"},{\"text\":\"  \"},{\"text\":\"\uee10\"},{\"translate\":\"offset.-1\",\"font\":\"space:default\",\"with\":[ {\"text\":\"\uee23\",\"font\":\"mechanization:manual\",\"hoverEvent\":{\"action\":\"show_text\",\"contents\":[ {\"translate\":\"mech.manual.nuclear_physics.title\"}]},\"clickEvent\":{\"action\":\"change_page\",\"value\":3}}]},{\"translate\":\"offset.-2\",\"font\":\"space:default\",\"with\":[ {\"text\":\"\uef1c\",\"font\":\"mechanization:manual\",\"hoverEvent\":{\"action\":\"show_text\",\"contents\":[ {\"translate\":\"mech.manual.centrifuge.title\"}]},\"clickEvent\":{\"action\":\"change_page\",\"value\":4}}]},{\"translate\":\"offset.-3\",\"font\":\"space:default\",\"with\":[ {\"text\":\"\uef1d\",\"font\":\"mechanization:manual\",\"hoverEvent\":{\"action\":\"show_text\",\"contents\":[ {\"translate\":\"mech.manual.uranium_fuel_cell.title\"}]},\"clickEvent\":{\"action\":\"change_page\",\"value\":5}}]},{\"translate\":\"offset.-4\",\"font\":\"space:default\",\"with\":[ {\"text\":\"\uef1e\",\"font\":\"mechanization:manual\",\"hoverEvent\":{\"action\":\"show_text\",\"contents\":[ {\"translate\":\"mech.manual.plutonium_fuel_cell.title\"}]},\"clickEvent\":{\"action\":\"change_page\",\"value\":6}}]},{\"translate\":\"offset.-5\",\"font\":\"space:default\",\"with\":[ {\"text\":\"\uef1f\",\"font\":\"mechanization:manual\",\"hoverEvent\":{\"action\":\"show_text\",\"contents\":[ {\"translate\":\"mech.manual.spent_fuel_cell.title\"}]},\"clickEvent\":{\"action\":\"change_page\",\"value\":7}}]},{\"translate\":\"offset.-8\",\"font\":\"space:default\",\"with\":[ {\"text\":\"\uee11\",\"font\":\"mechanization:manual\"}]},{\"text\":\"\n   \"},{\"translate\":\"offset.-1\",\"font\":\"space:default\",\"with\":[ {\"text\":\"\uee14\",\"font\":\"mechanization:manual\",\"hoverEvent\":{\"action\":\"show_text\",\"contents\":[ {\"translate\":\"mech.manual.nuclear_physics.title\"}]},\"clickEvent\":{\"action\":\"change_page\",\"value\":3}}]},{\"translate\":\"offset.-2\",\"font\":\"space:default\",\"with\":[ {\"text\":\"\uee14\",\"font\":\"mechanization:manual\",\"hoverEvent\":{\"action\":\"show_text\",\"contents\":[ {\"translate\":\"mech.manual.centrifuge.title\"}]},\"clickEvent\":{\"action\":\"change_page\",\"value\":4}}]},{\"translate\":\"offset.-3\",\"font\":\"space:default\",\"with\":[ {\"text\":\"\uee14\",\"font\":\"mechanization:manual\",\"hoverEvent\":{\"action\":\"show_text\",\"contents\":[ {\"translate\":\"mech.manual.uranium_fuel_cell.title\"}]},\"clickEvent\":{\"action\":\"change_page\",\"value\":5}}]},{\"translate\":\"offset.-4\",\"font\":\"space:default\",\"with\":[ {\"text\":\"\uee14\",\"font\":\"mechanization:manual\",\"hoverEvent\":{\"action\":\"show_text\",\"contents\":[ {\"translate\":\"mech.manual.plutonium_fuel_cell.title\"}]},\"clickEvent\":{\"action\":\"change_page\",\"value\":6}}]},{\"translate\":\"offset.-5\",\"font\":\"space:default\",\"with\":[ {\"text\":\"\uee14\",\"font\":\"mechanization:manual\",\"hoverEvent\":{\"action\":\"show_text\",\"contents\":[ {\"translate\":\"mech.manual.spent_fuel_cell.title\"}]},\"clickEvent\":{\"action\":\"change_page\",\"value\":7}}]},{\"text\":\"\n  \"},{\"text\":\"\uee10\"},{\"translate\":\"offset.-1\",\"font\":\"space:default\",\"with\":[ {\"text\":\"\uef20\",\"font\":\"mechanization:manual\",\"hoverEvent\":{\"action\":\"show_text\",\"contents\":[ {\"translate\":\"mech.manual.fission_reactor.title\"}]},\"clickEvent\":{\"action\":\"change_page\",\"value\":8}}]},{\"translate\":\"offset.-2\",\"font\":\"space:default\",\"with\":[ {\"text\":\"\uef21\",\"font\":\"mechanization:manual\",\"hoverEvent\":{\"action\":\"show_text\",\"contents\":[ {\"translate\":\"mech.manual.steam_turbine.title\"}]},\"clickEvent\":{\"action\":\"change_page\",\"value\":9}}]},{\"translate\":\"offset.-3\",\"font\":\"space:default\",\"with\":[ {\"text\":\"\uef22\",\"font\":\"mechanization:manual\",\"hoverEvent\":{\"action\":\"show_text\",\"contents\":[ {\"translate\":\"mech.manual.control_rod.title\"}]},\"clickEvent\":{\"action\":\"change_page\",\"value\":10}}]},{\"translate\":\"offset.-4\",\"font\":\"space:default\",\"with\":[ {\"text\":\"\uef23\",\"font\":\"mechanization:manual\",\"hoverEvent\":{\"action\":\"show_text\",\"contents\":[ {\"translate\":\"mech.manual.temperature_observer.title\"}]},\"clickEvent\":{\"action\":\"change_page\",\"value\":11}}]},{\"translate\":\"offset.-5\",\"font\":\"space:default\",\"with\":[ {\"text\":\"\uef24\",\"font\":\"mechanization:manual\",\"hoverEvent\":{\"action\":\"show_text\",\"contents\":[ {\"translate\":\"mech.manual.reaction_rate_observer.title\"}]},\"clickEvent\":{\"action\":\"change_page\",\"value\":12}}]},{\"translate\":\"offset.-8\",\"font\":\"space:default\",\"with\":[ {\"text\":\"\uee11\",\"font\":\"mechanization:manual\"}]},{\"text\":\"\n   \"},{\"translate\":\"offset.-1\",\"font\":\"space:default\",\"with\":[ {\"text\":\"\uee14\",\"font\":\"mechanization:manual\",\"hoverEvent\":{\"action\":\"show_text\",\"contents\":[ {\"translate\":\"mech.manual.fission_reactor.title\"}]},\"clickEvent\":{\"action\":\"change_page\",\"value\":8}}]},{\"translate\":\"offset.-2\",\"font\":\"space:default\",\"with\":[ {\"text\":\"\uee14\",\"font\":\"mechanization:manual\",\"hoverEvent\":{\"action\":\"show_text\",\"contents\":[ {\"translate\":\"mech.manual.steam_turbine.title\"}]},\"clickEvent\":{\"action\":\"change_page\",\"value\":9}}]},{\"translate\":\"offset.-3\",\"font\":\"space:default\",\"with\":[ {\"text\":\"\uee14\",\"font\":\"mechanization:manual\",\"hoverEvent\":{\"action\":\"show_text\",\"contents\":[ {\"translate\":\"mech.manual.control_rod.title\"}]},\"clickEvent\":{\"action\":\"change_page\",\"value\":10}}]},{\"translate\":\"offset.-4\",\"font\":\"space:default\",\"with\":[ {\"text\":\"\uee14\",\"font\":\"mechanization:manual\",\"hoverEvent\":{\"action\":\"show_text\",\"contents\":[ {\"translate\":\"mech.manual.temperature_observer.title\"}]},\"clickEvent\":{\"action\":\"change_page\",\"value\":11}}]},{\"translate\":\"offset.-5\",\"font\":\"space:default\",\"with\":[ {\"text\":\"\uee14\",\"font\":\"mechanization:manual\",\"hoverEvent\":{\"action\":\"show_text\",\"contents\":[ {\"translate\":\"mech.manual.reaction_rate_observer.title\"}]},\"clickEvent\":{\"action\":\"change_page\",\"value\":12}}]},{\"text\":\"\n  \"},{\"text\":\"\uee13\"}]','[{\"text\":\"\",\"bold\":false,\"font\":\"mechanization:manual\",\"color\":\"black\"},{\"translate\":\"mech.manual.nuclear_physics.title\",\"color\":\"dark_aqua\"},{\"text\":\"\n\"},{\"translate\":\"mech.manual.nuclear_physics.body\",\"clickEvent\":{\"action\":\"open_url\",\"value\":\"https://github.com/ICY105/Mechanization/wiki/Fission-Reactor\"}}]','[{\"text\":\"\",\"bold\":false,\"font\":\"mechanization:manual\",\"color\":\"white\"},{\"text\":\"\uee03\",\"hoverEvent\":{\"action\":\"show_text\",\"contents\":[ {\"translate\":\"mech.manual.recipe\"},{\"text\":\"\uef26\",\"font\":\"mechanization:manual\"},{\"translate\":\"offset.-2\",\"font\":\"space:default\",\"with\":[ {\"text\":\"\uef27\",\"font\":\"mechanization:manual\"}]},{\"text\":\"\n\n\n\n\n\n\"},{\"text\":\"\n x4 \"},{\"translate\":\"block.minecraft.red_nether_bricks\"},{\"text\":\"\n x2 \"},{\"translate\":\"mech.gear.conductive\"},{\"text\":\"\n x1 \"},{\"translate\":\"item.minecraft.bucket\"},{\"text\":\"\n x1 \"},{\"translate\":\"item.minecraft.yellow_dye\"},{\"text\":\"\n x1 \"},{\"translate\":\"block.minecraft.hopper\"},{\"text\":\"\n x1 \"},{\"translate\":\"mech.resource.machine_frame_tier_2\"}]},\"clickEvent\":{\"action\":\"run_command\",\"value\":\"/trigger mechanization.manual set 56\"}},{\"translate\":\"offset.-105\",\"font\":\"space:default\",\"with\":[ {\"text\":\"\uef25\",\"font\":\"mechanization:manual\"}]},{\"translate\":\"offset.47\",\"font\":\"space:default\",\"with\":[ {\"text\":\"\uee04\",\"font\":\"mechanization:manual\"}]},{\"text\":\"\n\"},{\"translate\":\"mech.manual.centrifuge.body\",\"color\":\"black\"},{\"text\":\"           \"},{\"text\":\"\uee0e\",\"clickEvent\":{\"action\":\"change_page\",\"value\":2}}]','[{\"text\":\"\",\"bold\":false,\"font\":\"mechanization:manual\",\"color\":\"white\"},{\"text\":\"\uee03\",\"hoverEvent\":{\"action\":\"show_text\",\"contents\":[ {\"translate\":\"mech.manual.recipe\"},{\"text\":\"\uef29\",\"font\":\"mechanization:manual\"},{\"translate\":\"offset.-2\",\"font\":\"space:default\",\"with\":[ {\"text\":\"\uef2a\",\"font\":\"mechanization:manual\"}]},{\"text\":\"\n\n\n\n\n\n\"},{\"text\":\"\n x6 \"},{\"translate\":\"block.minecraft.glass\"},{\"text\":\"\n x3 \"},{\"translate\":\"mech.plate.uranium\"}]},\"clickEvent\":{\"action\":\"run_command\",\"value\":\"/trigger mechanization.manual set 57\"}},{\"translate\":\"offset.-105\",\"font\":\"space:default\",\"with\":[ {\"text\":\"\uef28\",\"font\":\"mechanization:manual\"}]},{\"translate\":\"offset.47\",\"font\":\"space:default\",\"with\":[ {\"text\":\"\uee04\",\"font\":\"mechanization:manual\"}]},{\"text\":\"\n\"},{\"translate\":\"mech.manual.uranium_fuel_cell.body\",\"color\":\"black\"},{\"text\":\"           \"},{\"text\":\"\uee0e\",\"clickEvent\":{\"action\":\"change_page\",\"value\":2}}]','[{\"text\":\"\",\"bold\":false,\"font\":\"mechanization:manual\",\"color\":\"white\"},{\"text\":\"\uee03\",\"hoverEvent\":{\"action\":\"show_text\",\"contents\":[ {\"translate\":\"mech.manual.recipe\"},{\"text\":\"\uef2c\",\"font\":\"mechanization:manual\"},{\"translate\":\"offset.-2\",\"font\":\"space:default\",\"with\":[ {\"text\":\"\uef2d\",\"font\":\"mechanization:manual\"}]},{\"text\":\"\n\n\n\n\n\n\"},{\"text\":\"\n x6 \"},{\"translate\":\"block.minecraft.glass\"},{\"text\":\"\n x3 \"},{\"translate\":\"mech.plate.plutonium\"}]},\"clickEvent\":{\"action\":\"run_command\",\"value\":\"/trigger mechanization.manual set 58\"}},{\"translate\":\"offset.-105\",\"font\":\"space:default\",\"with\":[ {\"text\":\"\uef2b\",\"font\":\"mechanization:manual\"}]},{\"translate\":\"offset.47\",\"font\":\"space:default\",\"with\":[ {\"text\":\"\uee04\",\"font\":\"mechanization:manual\"}]},{\"text\":\"\n\"},{\"translate\":\"mech.manual.plutonium_fuel_cell.body\",\"color\":\"black\"},{\"text\":\"           \"},{\"text\":\"\uee0e\",\"clickEvent\":{\"action\":\"change_page\",\"value\":2}}]','[{\"text\":\"\",\"bold\":false,\"font\":\"mechanization:manual\",\"color\":\"white\"},{\"text\":\"\uee03\",\"hoverEvent\":{\"action\":\"show_text\",\"contents\":[ {\"translate\":\"mech.manual.recipe\"},{\"text\":\"\uef2f\",\"font\":\"mechanization:manual\"},{\"translate\":\"offset.-2\",\"font\":\"space:default\",\"with\":[ {\"text\":\"\uef30\",\"font\":\"mechanization:manual\"}]},{\"text\":\"\n\n\n\n\n\n\"}]},\"clickEvent\":{\"action\":\"run_command\",\"value\":\"/trigger mechanization.manual set 59\"}},{\"translate\":\"offset.-105\",\"font\":\"space:default\",\"with\":[ {\"text\":\"\uef2e\",\"font\":\"mechanization:manual\"}]},{\"translate\":\"offset.47\",\"font\":\"space:default\",\"with\":[ {\"text\":\"\uee04\",\"font\":\"mechanization:manual\"}]},{\"text\":\"\n\"},{\"translate\":\"mech.manual.spent_fuel_cell.body\",\"color\":\"black\"},{\"text\":\"           \"},{\"text\":\"\uee0e\",\"clickEvent\":{\"action\":\"change_page\",\"value\":2}}]','[{\"text\":\"\",\"bold\":false,\"font\":\"mechanization:manual\",\"color\":\"white\"},{\"text\":\"\uee03\",\"hoverEvent\":{\"action\":\"show_text\",\"contents\":[ {\"translate\":\"mech.manual.recipe\"},{\"text\":\"\uef30\",\"font\":\"mechanization:manual\"},{\"translate\":\"offset.-2\",\"font\":\"space:default\",\"with\":[ {\"text\":\"\uef31\",\"font\":\"mechanization:manual\"}]},{\"text\":\"\n\n\n\n\n\n\"},{\"text\":\"\n x4 \"},{\"translate\":\"mech.plate.steel\"},{\"text\":\"\n x2 \"},{\"translate\":\"mech.gear.uranium\"},{\"text\":\"\n x2 \"},{\"translate\":\"block.minecraft.black_stained_glass\"},{\"text\":\"\n x1 \"},{\"translate\":\"mech.resource.machine_frame_tier_2\"}]},\"clickEvent\":{\"action\":\"run_command\",\"value\":\"/trigger mechanization.manual set 60\"}},{\"translate\":\"offset.-105\",\"font\":\"space:default\",\"with\":[ {\"text\":\"\uef2f\",\"font\":\"mechanization:manual\"}]},{\"translate\":\"offset.47\",\"font\":\"space:default\",\"with\":[ {\"text\":\"\uee04\",\"font\":\"mechanization:manual\"}]},{\"text\":\"\n\"},{\"translate\":\"mech.manual.fission_reactor.body\",\"color\":\"black\"},{\"text\":\"           \"},{\"text\":\"\uee0e\",\"clickEvent\":{\"action\":\"change_page\",\"value\":2}}]','[{\"text\":\"\",\"bold\":false,\"font\":\"mechanization:manual\",\"color\":\"white\"},{\"text\":\"\uee03\",\"hoverEvent\":{\"action\":\"show_text\",\"contents\":[ {\"translate\":\"mech.manual.recipe\"},{\"text\":\"\uef33\",\"font\":\"mechanization:manual\"},{\"translate\":\"offset.-2\",\"font\":\"space:default\",\"with\":[ {\"text\":\"\uef34\",\"font\":\"mechanization:manual\"}]},{\"text\":\"\n\n\n\n\n\n\"},{\"text\":\"\n x4 \"},{\"translate\":\"item.minecraft.prismarine_crystals\"},{\"text\":\"\n x2 \"},{\"translate\":\"mech.rod.conductive\"},{\"text\":\"\n x1 \"},{\"translate\":\"mech.rod.steel\"},{\"text\":\"\n x1 \"},{\"translate\":\"item.minecraft.bucket\"},{\"text\":\"\n x1 \"},{\"translate\":\"mech.resource.machine_frame_tier_2\"}]},\"clickEvent\":{\"action\":\"run_command\",\"value\":\"/trigger mechanization.manual set 61\"}},{\"translate\":\"offset.-105\",\"font\":\"space:default\",\"with\":[ {\"text\":\"\uef32\",\"font\":\"mechanization:manual\"}]},{\"translate\":\"offset.47\",\"font\":\"space:default\",\"with\":[ {\"text\":\"\uee04\",\"font\":\"mechanization:manual\"}]},{\"text\":\"\n\"},{\"translate\":\"mech.manual.steam_turbine.body\",\"color\":\"black\"},{\"text\":\"           \"},{\"text\":\"\uee0e\",\"clickEvent\":{\"action\":\"change_page\",\"value\":2}}]','[{\"text\":\"\",\"bold\":false,\"font\":\"mechanization:manual\",\"color\":\"white\"},{\"text\":\"\uee03\",\"hoverEvent\":{\"action\":\"show_text\",\"contents\":[ {\"translate\":\"mech.manual.recipe\"},{\"text\":\"\uef36\",\"font\":\"mechanization:manual\"},{\"translate\":\"offset.-2\",\"font\":\"space:default\",\"with\":[ {\"text\":\"\uef37\",\"font\":\"mechanization:manual\"}]},{\"text\":\"\n\n\n\n\n\n\"},{\"text\":\"\n x8 \"},{\"translate\":\"mech.ingot.steel\"},{\"text\":\"\n x1 \"},{\"translate\":\"block.minecraft.coal_block\"}]},\"clickEvent\":{\"action\":\"run_command\",\"value\":\"/trigger mechanization.manual set 62\"}},{\"translate\":\"offset.-105\",\"font\":\"space:default\",\"with\":[ {\"text\":\"\uef35\",\"font\":\"mechanization:manual\"}]},{\"translate\":\"offset.47\",\"font\":\"space:default\",\"with\":[ {\"text\":\"\uee04\",\"font\":\"mechanization:manual\"}]},{\"text\":\"\n\"},{\"translate\":\"mech.manual.control_rod.body\",\"color\":\"black\"},{\"text\":\"           \"},{\"text\":\"\uee0e\",\"clickEvent\":{\"action\":\"change_page\",\"value\":2}}]','[{\"text\":\"\",\"bold\":false,\"font\":\"mechanization:manual\",\"color\":\"white\"},{\"text\":\"\uee03\",\"hoverEvent\":{\"action\":\"show_text\",\"contents\":[ {\"translate\":\"mech.manual.recipe\"},{\"text\":\"\uef39\",\"font\":\"mechanization:manual\"},{\"translate\":\"offset.-2\",\"font\":\"space:default\",\"with\":[ {\"text\":\"\uef3a\",\"font\":\"mechanization:manual\"}]},{\"text\":\"\n\n\n\n\n\n\"},{\"text\":\"\n x8 \"},{\"translate\":\"mech.ingot.steel\"},{\"text\":\"\n x1 \"},{\"translate\":\"block.minecraft.observer\"},{\"text\":\"\n x1 \"},{\"translate\":\"item.minecraft.magma_cream\"}]},\"clickEvent\":{\"action\":\"run_command\",\"value\":\"/trigger mechanization.manual set 63\"}},{\"translate\":\"offset.-105\",\"font\":\"space:default\",\"with\":[ {\"text\":\"\uef38\",\"font\":\"mechanization:manual\"}]},{\"translate\":\"offset.47\",\"font\":\"space:default\",\"with\":[ {\"text\":\"\uee04\",\"font\":\"mechanization:manual\"}]},{\"text\":\"\n\"},{\"translate\":\"mech.manual.temperature_observer.body\",\"color\":\"black\"},{\"text\":\"           \"},{\"text\":\"\uee0e\",\"clickEvent\":{\"action\":\"change_page\",\"value\":2}}]','[{\"text\":\"\",\"bold\":false,\"font\":\"mechanization:manual\",\"color\":\"white\"},{\"text\":\"\uee03\",\"hoverEvent\":{\"action\":\"show_text\",\"contents\":[ {\"translate\":\"mech.manual.recipe\"},{\"text\":\"\uef3c\",\"font\":\"mechanization:manual\"},{\"translate\":\"offset.-2\",\"font\":\"space:default\",\"with\":[ {\"text\":\"\uef3d\",\"font\":\"mechanization:manual\"}]},{\"text\":\"\n\n\n\n\n\n\"},{\"text\":\"\n x8 \"},{\"translate\":\"mech.ingot.steel\"},{\"text\":\"\n x1 \"},{\"translate\":\"block.minecraft.observer\"},{\"text\":\"\n x1 \"},{\"translate\":\"item.minecraft.clock\"}]},\"clickEvent\":{\"action\":\"run_command\",\"value\":\"/trigger mechanization.manual set 64\"}},{\"translate\":\"offset.-105\",\"font\":\"space:default\",\"with\":[ {\"text\":\"\uef3b\",\"font\":\"mechanization:manual\"}]},{\"translate\":\"offset.47\",\"font\":\"space:default\",\"with\":[ {\"text\":\"\uee04\",\"font\":\"mechanization:manual\"}]},{\"text\":\"\n\"},{\"translate\":\"mech.manual.reaction_rate_observer.body\",\"color\":\"black\"},{\"text\":\"           \"},{\"text\":\"\uee0e\",\"clickEvent\":{\"action\":\"change_page\",\"value\":2}}]']}"
            }
          ]
        }
      ]
    }
  ]
}
