{
  "type": "minecraft:entity",
  "pools": [
    {
      "rolls": 1,
      "entries": [
        {
          "type": "minecraft:item",
		  "name": "minecraft:leather_helmet",
          "functions": [
            {
			  "function": "minecraft:set_name",
			  "name": {"translate":"mech.item.night_vision_goggles","color":"dark_aqua","italic":false}
			},
			{
			  "function": "minecraft:set_lore",
			  "lore": [
			    {"translate":"mech.lore.upgrade_modular_helmet","color":"gray","italic":false},
				{"translate":"mech.lore.added_by","color":"blue","italic":false}
			  ]
			},
			{
              "function": "minecraft:set_nbt",
              "tag":"{CustomModelData: 6424113, Unbreakable:1b, HideFlags:70, mechanization:{ id:\"night_vision_goggles\", upgrade:{type:3b, effect:\"night_vision\"}}, display:{color:13421772}}"
            },
			{
			  "function":"set_attributes",
			  "modifiers": [
				{
				  "name":"generic.armor",
				  "attribute":"generic.armor",
				  "operation":"addition",
				  "amount":0,
				  "slot":"head"
				}
			  ]
			}
          ]
        }
      ]
    }
  ]
}