{
  "type": "minecraft:entity",
  "pools": [
    {
      "rolls": 1,
      "entries": [
        {
          "type": "minecraft:item",
		  "name": "minecraft:blast_furnace",
          "functions": [
            {
			  "function": "minecraft:set_name",
			  "name": {"translate":"mech.block.battery.tier_1","color":"dark_aqua","italic":false}
			},
			{
			  "function": "minecraft:set_lore",
			  "lore": [
			    {"translate":"mech.lore.storage","color":"white","italic":false,"with":[50000]},
				{"translate":"mech.lore.transfer","color":"white","italic":false,"with":[12]},
				{"translate":"mech.lore.range","color":"white","italic":false,"with":[8]},
				{"translate":"mech.lore.added_by","color":"blue","italic":false}
			  ]
			},
			{
              "function": "minecraft:set_nbt",
              "tag":"{CustomModelData: 6421000, HideFlags: 6, mechanization:{ id:\"tier_1_battery\" }, BlockEntityTag:{Items:[{id:\"minecraft:stone\", Count:1b, Slot:0b, tag:{smithed:{block:{id:\"mechanization:tier_1_battery\"}}}}]} }"
            }
          ]
        }
      ]
    }
  ]
}