[
	{
		"condition": "minecraft:location_check",
		"offsetX": 16,
		"offsetZ": 16,
		"predicate": {
			"block": {}
		}
	},
	{
		"condition": "minecraft:location_check",
		"offsetX": 16,
		"offsetZ": -16,
		"predicate": {
			"block": {}
		}
	},
	{
		"condition": "minecraft:location_check",
		"offsetX": -16,
		"offsetZ": 16,
		"predicate": {
			"block": {}
		}
	},
	{
		"condition": "minecraft:location_check",
		"offsetX": -16,
		"offsetZ": -16,
		"predicate": {
			"block": {}
		}
	}
]
