{
	"display": {
		"icon": { "item": "minecraft:command_block", "nbt": "{CustomModelData:2013164}" },
		"title": { "text": "Increasing Base Speed III", "color": "aqua" },
		"description": { "text": "Get a level 3 Speed Artifact", "color": "green" },
		"frame": "task",
		"show_toast": true,
		"announce_to_chat": true,
		"hidden": false
	},
	"parent": "stardust:visible/adventure/artifacts/speed_lv2",
	"criteria": { "requirement": {
		"trigger": "minecraft:inventory_changed",
		"conditions": { "items": [{
			"tag": "stardust:items",
			"nbt": "{stardust:{speed_artifact_lv3:1b}}"
		}]}
	}}
}
